tx_id,timestamp,sender_id,receiver_id,amount,currency,country,device_id,merchant_category,label
T00594,2026-04-10T15:45:05,U003,U041,375.0,USD,IN,D005,utilities,0
T00785,2026-04-10T15:48:05,U029,U040,290.1,USD,IN,D040,groceries,0
T00486,2026-04-10T16:52:05,U002,U053,58.17,USD,US,D004,travel,0
T01055,2026-04-11T00:50:05,U058,U047,47.15,USD,SG,D083,electronics,0
T00909,2026-04-11T07:36:05,U012,U038,389.21,USD,US,D019,fuel,0
T01112,2026-04-11T08:34:05,U055,U060,365.44,USD,GB,D666,fashion,0
T00741,2026-04-11T09:33:05,U019,U050,249.45,USD,AE,D027,fuel,0
T00426,2026-04-11T09:53:05,U005,U041,76.14,USD,IN,D008,travel,0
T00398,2026-04-11T12:19:05,U056,U025,33.74,USD,GB,D080,fuel,0
T00456,2026-04-11T12:20:05,U054,U043,27.82,USD,GB,D666,fashion,0
T00380,2026-04-11T14:25:05,U051,U007,104.79,USD,AE,D072,utilities,0
T00740,2026-04-11T14:26:05,U017,U001,259.33,USD,SG,D025,travel,0
T00845,2026-04-11T18:03:05,U040,U035,119.74,USD,US,D057,groceries,0
T00105,2026-04-11T21:15:05,U011,U055,109.81,USD,SG,D088,electronics,0
T00138,2026-04-11T21:47:05,U006,U018,305.74,USD,US,D010,electronics,0
T00116,2026-04-12T00:54:05,U034,U048,135.14,USD,SG,D048,travel,0
T00354,2026-04-12T01:35:05,U060,U014,162.6,USD,SG,D086,travel,0
T00990,2026-04-12T02:10:05,U042,U031,155.45,USD,AE,D060,utilities,0
T00593,2026-04-12T06:12:05,U032,U007,320.03,USD,GB,D044,fashion,0
T00814,2026-04-12T07:31:05,U026,U042,94.99,USD,AE,D035,utilities,0
T01179,2026-04-12T08:55:05,U046,U028,143.85,USD,IN,D065,entertainment,0
T00731,2026-04-12T17:50:05,U011,U018,145.07,USD,SG,D018,electronics,0
T00635,2026-04-12T19:16:05,U048,U006,155.45,USD,GB,D069,electronics,0
T00455,2026-04-12T19:36:05,U001,U016,299.61,USD,IN,D087,entertainment,0
T00838,2026-04-12T21:48:05,U027,U012,37.31,USD,SG,D036,fuel,0
T00140,2026-04-12T22:03:05,U044,U040,460.59,USD,IN,D063,entertainment,0
T00544,2026-04-12T22:59:05,U044,U042,429.86,USD,IN,D063,fuel,0
T01080,2026-04-13T02:08:05,U052,U025,397.65,USD,US,D667,electronics,0
T00374,2026-04-13T02:10:05,U044,U048,388.97,USD,IN,D063,fuel,0
T00057,2026-04-13T02:35:05,U038,U057,264.46,USD,US,D052,fuel,0
T00918,2026-04-13T03:01:05,U052,U033,371.42,USD,US,D666,electronics,0
T01047,2026-04-13T06:12:05,U012,U009,308.5,USD,US,D019,travel,0
T01149,2026-04-13T06:27:05,U054,U006,16.12,USD,GB,D667,fuel,0
T00816,2026-04-13T07:45:05,U057,U015,84.26,USD,AE,D082,travel,0
T00400,2026-04-13T10:47:05,U011,U003,133.15,USD,SG,D018,utilities,0
T00155,2026-04-13T11:25:05,U030,U004,99.5,USD,GB,D089,fuel,0
T00276,2026-04-13T12:21:05,U053,U013,11.76,USD,AE,D666,groceries,0
T00614,2026-04-13T13:57:05,U014,U024,143.62,USD,GB,D021,fuel,0
T00236,2026-04-13T14:07:05,U025,U040,276.71,USD,IN,D034,travel,0
T00713,2026-04-13T14:31:05,U031,U045,264.78,USD,US,D043,travel,0
T00475,2026-04-13T19:04:05,U029,U041,393.6,USD,IN,D040,dining,0
T00942,2026-04-13T19:32:05,U046,U005,170.3,USD,IN,D066,electronics,0
T00142,2026-04-14T00:40:05,U009,U053,2407.06,USD,IN,D667,crypto_exchange,1
T00566,2026-04-14T01:00:05,U046,U025,111.42,USD,IN,D065,utilities,0
T00558,2026-04-14T01:47:05,U031,U036,466.23,USD,US,D089,dining,0
T00193,2026-04-14T04:53:05,U033,U029,369.21,USD,SG,D046,travel,0
T00133,2026-04-14T05:30:05,U058,U038,40.88,USD,SG,D083,entertainment,0
T00331,2026-04-14T05:46:05,U044,U050,404.59,USD,IN,D063,dining,0
T00436,2026-04-14T06:23:05,U001,U005,350.27,USD,IN,D087,fashion,0
T00623,2026-04-14T06:38:05,U046,U004,213.11,USD,IN,D066,utilities,0
T00097,2026-04-14T07:16:05,U053,U034,20.53,USD,AE,D666,fuel,0
T01159,2026-04-14T07:43:05,U041,U045,32.48,USD,AE,D058,dining,0
T00954,2026-04-14T12:54:05,U022,U027,164.71,USD,IN,D030,electronics,0
T00973,2026-04-14T13:34:05,U011,U004,34.57,USD,SG,D088,entertainment,0
T00113,2026-04-14T14:43:05,U055,U060,338.79,USD,GB,D666,fashion,0
T00447,2026-04-14T15:35:05,U048,U056,245.98,USD,GB,D069,groceries,0
T00337,2026-04-14T19:15:05,U024,U010,97.64,USD,US,D033,groceries,0
T00451,2026-04-14T19:42:05,U052,U026,499.31,USD,US,D667,electronics,0
T00585,2026-04-14T19:48:05,U057,U005,28.57,USD,AE,D082,utilities,0
T00663,2026-04-14T20:49:05,U059,U003,110.56,USD,AE,D084,entertainment,0
T00722,2026-04-14T23:36:05,U036,U026,228.73,USD,GB,D050,electronics,0
T00227,2026-04-14T23:48:05,U023,U008,189.46,USD,GB,D031,entertainment,0
T00603,2026-04-15T01:29:05,U001,U039,210.71,USD,IN,D087,fuel,0
T00017,2026-04-15T06:21:05,U058,U018,58.5,USD,SG,D083,groceries,0
T00208,2026-04-15T09:22:05,U009,U043,325.71,USD,AE,D016,fuel,0
T00612,2026-04-15T11:18:05,U002,U044,63.53,USD,US,D003,groceries,0
T00551,2026-04-15T12:38:05,U055,U040,499.02,USD,GB,D666,electronics,0
T00979,2026-04-15T14:05:05,U031,U058,149.78,USD,US,D042,fashion,0
T00432,2026-04-15T14:35:05,U026,U052,151.84,USD,AE,D035,dining,0
T01142,2026-04-15T14:35:05,U004,U018,246.89,USD,AE,D006,travel,0
T01110,2026-04-15T14:49:05,U043,U046,530.67,USD,AE,D062,dining,0
T01107,2026-04-15T17:33:05,U017,U008,163.1,USD,SG,D025,entertainment,0
T00122,2026-04-15T17:58:05,U003,U020,231.15,USD,IN,D005,entertainment,0
T01118,2026-04-15T23:11:05,U045,U051,2913.79,USD,AE,D666,crypto_exchange,1
T01134,2026-04-15T23:43:05,U005,U032,92.13,USD,IN,D007,entertainment,0
T00939,2026-04-16T02:35:05,U025,U012,253.87,USD,IN,D034,fuel,0
T00896,2026-04-16T05:41:05,U032,U006,285.48,USD,GB,D044,dining,0
T00815,2026-04-16T06:50:05,U033,U042,451.81,USD,SG,D046,utilities,0
T00638,2026-04-16T09:31:05,U042,U050,253.74,USD,AE,D060,groceries,0
T00312,2026-04-16T10:40:05,U028,U059,251.51,USD,AE,D039,electronics,0
T01117,2026-04-16T16:21:05,U045,U054,199.46,USD,GB,D064,entertainment,0
T00161,2026-04-16T18:02:05,U044,U006,441.68,USD,IN,D063,electronics,0
T00220,2026-04-16T19:13:05,U034,U052,164.08,USD,SG,D048,groceries,0
T00343,2026-04-16T19:51:05,U054,U046,38.87,USD,GB,D076,travel,0
T00746,2026-04-16T20:56:05,U027,U012,85.64,USD,SG,D037,travel,0
T00067,2026-04-16T22:01:05,U028,U056,203.42,USD,AE,D039,fashion,0
T00976,2026-04-17T02:10:05,U032,U039,371.08,USD,GB,D044,entertainment,0
T00752,2026-04-17T03:19:05,U018,U036,355.89,USD,AE,D026,fuel,0
T00777,2026-04-17T04:08:05,U034,U050,1590.05,USD,US,D666,crypto_exchange,1
T00089,2026-04-17T11:21:05,U016,U046,78.92,USD,SG,D024,fuel,0
T00185,2026-04-17T11:59:05,U049,U032,450.53,USD,US,D070,fuel,0
T01045,2026-04-17T14:16:05,U027,U002,137.08,USD,SG,D037,fuel,0
T00655,2026-04-17T14:25:05,U047,U056,348.22,USD,SG,D068,groceries,0
T01091,2026-04-17T14:51:05,U014,U043,130.98,USD,GB,D022,utilities,0
T00189,2026-04-17T15:00:05,U024,U006,59.81,USD,US,D033,fashion,0
T01040,2026-04-17T15:12:05,U034,U033,52.53,USD,SG,D047,dining,0
T00495,2026-04-17T17:21:05,U010,U012,347.17,USD,IN,D088,electronics,0
T00178,2026-04-17T17:28:05,U002,U057,65.07,USD,US,D087,entertainment,0
T00307,2026-04-17T18:00:05,U034,U055,135.98,USD,SG,D047,dining,0
T00438,2026-04-17T20:00:05,U018,U034,238.67,USD,AE,D026,dining,0
T00775,2026-04-17T22:03:05,U060,U030,218.01,USD,SG,D086,groceries,0
T00965,2026-04-17T23:43:05,U002,U001,75.56,USD,US,D003,groceries,0
T00691,2026-04-18T00:22:05,U041,U053,2170.01,USD,SG,D058,crypto_exchange,1
T00420,2026-04-18T03:26:05,U042,U011,121.62,USD,AE,D061,groceries,0
T00198,2026-04-18T08:27:05,U039,U020,53.7,USD,IN,D055,fashion,0
T01197,2026-04-18T09:34:05,U019,U018,223.44,USD,AE,D027,entertainment,0
T00074,2026-04-18T10:24:05,U034,U016,168.55,USD,SG,D048,fashion,0
T00935,2026-04-18T12:05:05,U046,U043,203.38,USD,IN,D065,travel,0
T01003,2026-04-18T14:06:05,U058,U019,72.29,USD,SG,D083,electronics,0
T00557,2026-04-18T15:42:05,U051,U028,95.25,USD,AE,D666,fashion,0
T00913,2026-04-18T16:35:05,U034,U016,74.02,USD,SG,D047,fuel,0
T01126,2026-04-18T17:56:05,U039,U037,72.58,USD,IN,D054,electronics,0
T00549,2026-04-18T18:27:05,U058,U056,48.01,USD,SG,D083,utilities,0
T00485,2026-04-18T20:33:05,U012,U004,288.89,USD,US,D019,dining,0
T01102,2026-04-18T20:39:05,U043,U026,494.12,USD,AE,D062,travel,0
T01052,2026-04-18T21:41:05,U043,U018,492.74,USD,AE,D062,entertainment,0
T00309,2026-04-18T22:02:05,U046,U004,233.78,USD,IN,D065,fuel,0
T00169,2026-04-18T23:49:05,U041,U027,165.36,USD,AE,D059,fuel,0
T00871,2026-04-19T01:40:05,U050,U029,328.19,USD,GB,D666,groceries,0
T00755,2026-04-19T04:38:05,U030,U032,19.05,USD,GB,D089,fashion,0
T01090,2026-04-19T06:19:05,U046,U037,148.0,USD,IN,D066,fuel,0
T00160,2026-04-19T07:06:05,U026,U017,101.79,USD,AE,D035,entertainment,0
T00422,2026-04-19T07:18:05,U042,U009,296.54,USD,AE,D061,dining,0
T00299,2026-04-19T07:45:05,U006,U022,265.14,USD,US,D009,dining,0
T00732,2026-04-19T08:07:05,U011,U005,145.08,USD,SG,D018,fuel,0
T00873,2026-04-19T14:01:05,U010,U054,421.14,USD,IN,D017,travel,0
T00144,2026-04-19T15:41:05,U057,U018,60.33,USD,AE,D082,groceries,0
T00213,2026-04-19T15:50:05,U002,U052,89.89,USD,US,D003,travel,0
T00288,2026-04-19T18:16:05,U041,U027,122.16,USD,AE,D059,entertainment,0
T00022,2026-04-19T23:56:05,U044,U023,239.47,USD,IN,D063,fashion,0
T00265,2026-04-20T03:12:05,U035,U052,2039.26,USD,SG,D666,gift_cards,1
T00570,2026-04-20T04:34:05,U027,U034,124.83,USD,SG,D037,electronics,0
T01063,2026-04-20T05:08:05,U044,U026,117.01,USD,IN,D063,fuel,0
T00639,2026-04-20T07:14:05,U023,U040,142.5,USD,GB,D031,electronics,0
T00369,2026-04-20T09:04:05,U040,U026,285.0,USD,US,D057,entertainment,0
T00890,2026-04-20T09:05:05,U053,U021,26.68,USD,AE,D666,electronics,0
T00015,2026-04-20T09:12:05,U017,U020,227.87,USD,SG,D025,dining,0
T00294,2026-04-20T09:47:05,U020,U023,41.72,USD,IN,D028,utilities,0
T01068,2026-04-20T11:23:05,U010,U016,407.84,USD,IN,D017,travel,0
T00287,2026-04-20T13:59:05,U045,U016,185.01,USD,GB,D064,groceries,0
T00805,2026-04-20T18:28:05,U022,U020,98.46,USD,IN,D030,fuel,0
T01058,2026-04-20T21:53:05,U033,U030,374.39,USD,SG,D045,electronics,0
T00888,2026-04-20T21:59:05,U002,U024,111.1,USD,US,D004,fuel,0
T00670,2026-04-20T22:58:05,U052,U014,252.27,USD,US,D667,travel,0
T00998,2026-04-20T23:27:05,U022,U043,79.22,USD,IN,D030,fuel,0
T00391,2026-04-21T00:19:05,U021,U017,214.81,USD,GB,D029,fuel,0
T00959,2026-04-21T00:48:05,U053,U032,22.9,USD,AE,D075,dining,0
T00878,2026-04-21T01:25:05,U010,U001,292.28,USD,IN,D017,electronics,0
T00970,2026-04-21T08:04:05,U036,U041,440.72,USD,GB,D050,entertainment,0
T01193,2026-04-21T09:17:05,U007,U057,260.53,USD,AE,D012,dining,0
T00669,2026-04-21T09:52:05,U039,U044,51.67,USD,IN,D055,dining,0
T00688,2026-04-21T11:31:05,U055,U048,495.66,USD,GB,D666,dining,0
T01073,2026-04-21T11:38:05,U028,U025,276.98,USD,AE,D039,fuel,0
T00621,2026-04-21T12:06:05,U012,U037,239.58,USD,US,D019,utilities,0
T00552,2026-04-21T13:07:05,U057,U056,35.17,USD,AE,D082,fashion,0
T00709,2026-04-21T13:15:05,U010,U060,396.5,USD,IN,D088,electronics,0
T00749,2026-04-22T00:32:05,U007,U016,261.45,USD,AE,D011,electronics,0
T01171,2026-04-22T00:38:05,U052,U009,303.2,USD,US,D074,groceries,0
T00157,2026-04-22T03:03:05,U039,U018,42.19,USD,IN,D055,entertainment,0
T00864,2026-04-22T04:56:05,U052,U055,3554.31,USD,AE,D074,gift_cards,1
T00981,2026-04-22T05:16:05,U018,U003,438.13,USD,AE,D026,groceries,0
T00671,2026-04-22T06:45:05,U002,U038,75.92,USD,US,D003,travel,0
T01079,2026-04-22T07:26:05,U002,U055,59.32,USD,US,D004,entertainment,0
T01129,2026-04-22T11:48:05,U048,U028,327.07,USD,GB,D069,dining,0
T01048,2026-04-22T11:50:05,U020,U006,90.54,USD,IN,D028,fashion,0
T00416,2026-04-22T12:40:05,U022,U023,85.89,USD,IN,D030,groceries,0
T00203,2026-04-22T13:39:05,U057,U012,42.83,USD,AE,D082,travel,0
T00718,2026-04-22T13:51:05,U029,U038,413.33,USD,IN,D040,dining,0
T01156,2026-04-22T14:11:05,U058,U023,55.94,USD,SG,D083,electronics,0
T00824,2026-04-22T14:44:05,U050,U040,316.08,USD,GB,D667,utilities,0
T00363,2026-04-22T16:50:05,U049,U036,466.51,USD,US,D070,fashion,0
T00563,2026-04-22T19:39:05,U057,U023,32.19,USD,AE,D081,dining,0
T01075,2026-04-22T21:10:05,U011,U021,130.86,USD,SG,D088,fashion,0
T00224,2026-04-22T21:58:05,U041,U030,245.8,USD,AE,D059,groceries,0
T00528,2026-04-22T23:42:05,U046,U051,124.89,USD,IN,D065,groceries,0
T00641,2026-04-23T01:18:05,U011,U056,124.22,USD,SG,D018,utilities,0
T00442,2026-04-23T02:07:05,U008,U051,1215.82,USD,SG,D013,electronics,1
T00425,2026-04-23T02:56:05,U024,U057,72.01,USD,US,D032,travel,0
T00817,2026-04-23T03:14:05,U058,U006,34.64,USD,SG,D083,fashion,0
T00289,2026-04-23T03:41:05,U007,U012,402.82,USD,AE,D012,fashion,0
T01046,2026-04-23T07:03:05,U020,U054,117.94,USD,IN,D028,fuel,0
T00356,2026-04-23T09:06:05,U025,U052,221.64,USD,IN,D034,electronics,0
T00428,2026-04-23T09:14:05,U006,U050,81.09,USD,US,D010,electronics,0
T00260,2026-04-23T11:08:05,U018,U026,418.28,USD,AE,D026,fashion,0
T00807,2026-04-23T12:09:05,U031,U046,360.19,USD,US,D043,groceries,0
T00643,2026-04-23T12:13:05,U036,U040,247.36,USD,GB,D050,fashion,0
T00197,2026-04-23T12:20:05,U006,U043,304.49,USD,US,D009,fashion,0
T00836,2026-04-23T14:06:05,U045,U030,185.87,USD,GB,D064,fuel,0
T00458,2026-04-23T14:24:05,U004,U060,236.66,USD,AE,D006,dining,0
T00323,2026-04-23T16:20:05,U016,U028,91.88,USD,SG,D024,utilities,0
T00521,2026-04-23T17:38:05,U012,U027,206.58,USD,US,D019,groceries,0
T00941,2026-04-23T17:40:05,U042,U040,152.89,USD,AE,D061,electronics,0
T01016,2026-04-23T20:58:05,U060,U030,278.56,USD,SG,D085,entertainment,0
T00822,2026-04-23T21:16:05,U021,U058,319.72,USD,GB,D029,fashion,0
T00367,2026-04-23T22:10:05,U020,U028,138.09,USD,IN,D028,utilities,0
T00041,2026-04-24T01:16:05,U015,U002,29.17,USD,GB,D023,groceries,0
T01174,2026-04-24T03:03:05,U020,U011,99.97,USD,IN,D028,travel,0
T00518,2026-04-24T03:07:05,U008,U038,125.99,USD,AE,D013,electronics,0
T00466,2026-04-24T03:24:05,U054,U023,32.62,USD,GB,D076,fashion,0
T01011,2026-04-24T03:26:05,U050,U011,210.3,USD,GB,D667,travel,0
T00347,2026-04-24T04:39:05,U059,U017,69.39,USD,AE,D084,entertainment,0
T00972,2026-04-24T05:21:05,U013,U032,113.03,USD,IN,D020,fuel,0
T00795,2026-04-24T06:08:05,U021,U010,270.69,USD,GB,D029,groceries,0
T00818,2026-04-24T13:04:05,U027,U040,94.09,USD,SG,D037,entertainment,0
T00106,2026-04-24T15:44:05,U008,U033,99.33,USD,AE,D014,utilities,0
T00117,2026-04-24T16:35:05,U056,U017,61.61,USD,GB,D080,entertainment,0
T00788,2026-04-24T20:24:05,U003,U010,233.93,USD,IN,D005,utilities,0
T00589,2026-04-24T22:11:05,U001,U034,413.9,USD,IN,D002,fuel,0
T00599,2026-04-25T00:59:05,U007,U055,2750.51,USD,SG,D667,gift_cards,1
T00419,2026-04-25T02:40:05,U057,U056,62.46,USD,AE,D081,utilities,0
T00572,2026-04-25T05:43:05,U046,U003,220.39,USD,IN,D065,fuel,0
T00613,2026-04-25T06:57:05,U018,U010,504.69,USD,AE,D026,groceries,0
T00850,2026-04-25T07:49:05,U027,U046,98.82,USD,SG,D037,travel,0
T01181,2026-04-25T07:49:05,U045,U019,238.27,USD,GB,D064,dining,0
T00689,2026-04-25T08:49:05,U051,U052,100.63,USD,AE,D667,entertainment,0
T00355,2026-04-25T10:15:05,U060,U055,147.18,USD,SG,D086,fashion,0
T00271,2026-04-25T10:22:05,U060,U054,154.55,USD,SG,D086,utilities,0
T00406,2026-04-25T17:58:05,U040,U054,169.39,USD,US,D056,dining,0
T00446,2026-04-25T19:56:05,U032,U007,227.32,USD,GB,D044,electronics,0
T00514,2026-04-25T20:33:05,U012,U015,195.01,USD,US,D019,dining,0
T01125,2026-04-26T00:02:05,U017,U004,197.63,USD,SG,D025,fashion,0
T00506,2026-04-26T00:34:05,U007,U050,3218.86,USD,SG,D012,gift_cards,1
T00547,2026-04-26T02:43:05,U033,U012,489.12,USD,SG,D045,utilities,0
T00699,2026-04-26T04:45:05,U037,U050,1335.87,USD,IN,D667,gift_cards,1
T00536,2026-04-26T09:44:05,U059,U039,69.99,USD,AE,D084,groceries,0
T00151,2026-04-26T12:34:05,U035,U008,230.23,USD,US,D049,groceries,0
T00920,2026-04-26T12:49:05,U048,U043,297.54,USD,GB,D069,fuel,0
T00492,2026-04-26T14:26:05,U043,U019,244.84,USD,AE,D062,travel,0
T00176,2026-04-26T15:11:05,U032,U009,316.16,USD,GB,D044,fashion,0
T00292,2026-04-26T15:23:05,U027,U060,148.19,USD,SG,D037,groceries,0
T00720,2026-04-26T17:11:05,U031,U027,302.13,USD,US,D042,fuel,0
T00555,2026-04-26T17:39:05,U022,U030,120.57,USD,IN,D030,utilities,0
T00604,2026-04-26T18:29:05,U050,U045,235.24,USD,GB,D667,travel,0
T01153,2026-04-26T20:15:05,U006,U027,256.75,USD,US,D009,electronics,0
T00779,2026-04-26T22:11:05,U037,U049,101.17,USD,AE,D051,electronics,0
T01165,2026-04-26T23:37:05,U048,U003,237.56,USD,GB,D069,electronics,0
T00837,2026-04-27T00:05:05,U047,U045,431.01,USD,SG,D068,travel,0
T00313,2026-04-27T00:33:05,U003,U051,293.3,USD,IN,D005,travel,0
T00388,2026-04-27T10:19:05,U052,U026,447.65,USD,US,D074,groceries,0
T00992,2026-04-27T11:24:05,U056,U051,39.21,USD,GB,D080,entertainment,0
T00007,2026-04-27T13:19:05,U033,U057,405.12,USD,SG,D046,dining,0
T00508,2026-04-27T14:58:05,U057,U029,71.3,USD,AE,D082,groceries,0
T00872,2026-04-27T22:54:05,U058,U056,37.74,USD,SG,D083,utilities,0
T00330,2026-04-27T23:29:05,U035,U004,107.29,USD,US,D049,utilities,0
T00027,2026-04-28T02:16:05,U015,U052,306.07,USD,IN,D023,gift_cards,1
T01098,2026-04-28T02:37:05,U016,U002,79.08,USD,SG,D024,dining,0
T00225,2026-04-28T04:07:05,U013,U052,2259.05,USD,SG,D020,gift_cards,1
T00649,2026-04-28T06:05:05,U040,U041,240.79,USD,US,D056,utilities,0
T00858,2026-04-28T06:12:05,U046,U041,197.45,USD,IN,D065,electronics,0
T00251,2026-04-28T12:12:05,U055,U009,295.46,USD,GB,D667,utilities,0
T00471,2026-04-28T15:22:05,U002,U059,50.01,USD,US,D003,fuel,0
T00883,2026-04-28T16:14:05,U020,U036,95.59,USD,IN,D028,electronics,0
T01185,2026-04-28T19:09:05,U031,U011,247.14,USD,US,D042,fuel,0
T00940,2026-04-28T21:45:05,U032,U041,416.64,USD,GB,D044,fashion,0
T00529,2026-04-28T21:52:05,U013,U031,183.79,USD,IN,D020,groceries,0
T00772,2026-04-29T00:49:05,U012,U007,382.56,USD,US,D019,fuel,0
T00677,2026-04-29T01:25:05,U009,U035,365.43,USD,AE,D015,fashion,0
T00496,2026-04-29T02:26:05,U029,U050,2241.21,USD,SG,D040,crypto_exchange,1
T00829,2026-04-29T02:28:05,U048,U050,199.3,USD,GB,D069,dining,0
T01128,2026-04-29T03:09:05,U008,U052,126.38,USD,AE,D014,utilities,0
T00686,2026-04-29T04:21:05,U044,U027,488.34,USD,IN,D063,fuel,0
T01086,2026-04-29T09:11:05,U007,U050,238.82,USD,AE,D011,entertainment,0
T00892,2026-04-29T14:17:05,U025,U054,317.78,USD,IN,D034,fashion,0
T00854,2026-04-29T17:47:05,U034,U007,104.02,USD,SG,D048,electronics,0
T00405,2026-04-29T17:52:05,U050,U053,419.26,USD,GB,D667,entertainment,0
T00717,2026-04-29T19:17:05,U012,U025,174.37,USD,US,D019,fashion,0
T00924,2026-04-29T20:00:05,U047,U004,187.88,USD,SG,D067,utilities,0
T00088,2026-04-29T20:22:05,U049,U017,109.62,USD,US,D070,electronics,0
T00565,2026-04-29T20:44:05,U047,U011,367.15,USD,SG,D068,electronics,0
T00962,2026-04-30T01:11:05,U054,U022,28.38,USD,GB,D076,electronics,0
T00626,2026-04-30T01:27:05,U023,U044,184.42,USD,GB,D031,entertainment,0
T00005,2026-04-30T10:57:05,U010,U036,452.49,USD,IN,D088,groceries,0
T00482,2026-04-30T14:41:05,U049,U025,88.2,USD,US,D070,entertainment,0
T00933,2026-04-30T14:42:05,U044,U048,358.35,USD,IN,D063,utilities,0
T00703,2026-04-30T16:48:05,U041,U045,122.61,USD,AE,D059,dining,0
T00054,2026-04-30T17:09:05,U052,U032,508.14,USD,US,D666,dining,0
T01044,2026-04-30T18:24:05,U014,U055,187.98,USD,GB,D021,dining,0
T00666,2026-04-30T22:18:05,U025,U057,188.54,USD,IN,D034,entertainment,0
T00999,2026-05-01T03:51:05,U049,U033,266.08,USD,US,D070,fashion,0
T00349,2026-05-01T04:46:05,U016,U006,55.71,USD,SG,D024,groceries,0
T00166,2026-05-01T05:26:05,U049,U051,441.58,USD,US,D070,groceries,0
T00509,2026-05-01T05:37:05,U029,U010,399.12,USD,IN,D040,electronics,0
T00560,2026-05-01T05:40:05,U041,U046,251.04,USD,AE,D059,entertainment,0
T01010,2026-05-01T06:47:05,U011,U032,91.32,USD,SG,D088,entertainment,0
T00081,2026-05-01T08:19:05,U054,U046,22.92,USD,GB,D666,travel,0
T00159,2026-05-01T10:32:05,U028,U027,277.04,USD,AE,D039,entertainment,0
T00339,2026-05-01T13:52:05,U010,U033,191.28,USD,IN,D088,entertainment,0
T00575,2026-05-01T16:21:05,U058,U017,9.49,USD,SG,D083,fuel,0
T00357,2026-05-01T18:30:05,U004,U051,279.77,USD,AE,D006,fashion,0
T00125,2026-05-01T18:36:05,U059,U017,52.68,USD,AE,D084,groceries,0
T00789,2026-05-01T20:22:05,U057,U037,49.43,USD,AE,D081,fashion,0
T00462,2026-05-01T21:42:05,U021,U051,407.16,USD,GB,D029,electronics,0
T01131,2026-05-02T01:48:05,U019,U041,338.28,USD,AE,D027,fuel,0
T00695,2026-05-02T02:02:05,U044,U051,3991.52,USD,US,D667,gift_cards,1
T00719,2026-05-02T02:30:05,U047,U013,169.97,USD,SG,D067,travel,0
T00002,2026-05-02T03:45:05,U060,U011,286.53,USD,SG,D086,fashion,0
T00659,2026-05-02T04:13:05,U033,U054,4898.37,USD,US,D046,crypto_exchange,1
T00244,2026-05-02T04:32:05,U013,U052,97.68,USD,IN,D020,fuel,0
T00978,2026-05-02T05:22:05,U021,U026,328.94,USD,GB,D029,dining,0
T00216,2026-05-02T06:30:05,U008,U021,115.2,USD,AE,D013,electronics,0
T00394,2026-05-02T08:33:05,U009,U046,306.27,USD,AE,D016,travel,0
T00628,2026-05-02T12:25:05,U043,U059,238.65,USD,AE,D062,dining,0
T00218,2026-05-02T15:54:05,U041,U047,153.69,USD,AE,D059,travel,0
T00376,2026-05-02T16:05:05,U009,U018,157.48,USD,AE,D016,travel,0
T00804,2026-05-02T18:19:05,U008,U057,171.31,USD,AE,D013,utilities,0
T00181,2026-05-02T18:54:05,U028,U006,201.99,USD,AE,D039,fashion,0
T01198,2026-05-02T23:34:05,U024,U028,156.79,USD,US,D032,dining,0
T01147,2026-05-03T01:07:05,U027,U051,101.58,USD,SG,D036,fuel,0
T00061,2026-05-03T01:34:05,U049,U050,2271.58,USD,GB,D667,crypto_exchange,1
T00754,2026-05-03T03:19:05,U050,U048,127.83,USD,GB,D071,groceries,0
T00048,2026-05-03T03:29:05,U029,U051,375.27,USD,IN,D040,fuel,0
T00311,2026-05-03T04:15:05,U047,U055,4964.58,USD,US,D666,crypto_exchange,1
T00760,2026-05-03T06:43:05,U024,U011,217.32,USD,US,D032,fuel,0
T00410,2026-05-03T08:48:05,U045,U016,305.87,USD,GB,D064,fashion,0
T00753,2026-05-03T09:41:05,U013,U008,202.33,USD,IN,D020,dining,0
T00839,2026-05-03T09:41:05,U057,U046,40.21,USD,AE,D081,travel,0
T00132,2026-05-03T10:53:05,U041,U045,116.83,USD,AE,D058,travel,0
T00078,2026-05-03T12:34:05,U030,U015,149.02,USD,GB,D041,electronics,0
T00368,2026-05-03T13:13:05,U051,U016,87.77,USD,AE,D667,fuel,0
T01050,2026-05-03T16:05:05,U031,U001,470.95,USD,US,D042,electronics,0
T00685,2026-05-03T17:27:05,U028,U038,272.76,USD,AE,D039,entertainment,0
T00723,2026-05-03T18:53:05,U004,U030,142.14,USD,AE,D006,entertainment,0
T00031,2026-05-03T19:49:05,U058,U003,31.81,USD,SG,D083,fashion,0
T00622,2026-05-03T20:28:05,U011,U001,153.38,USD,SG,D088,entertainment,0
T00184,2026-05-03T22:33:05,U016,U013,64.68,USD,SG,D024,travel,0
T01036,2026-05-04T02:47:05,U037,U042,156.93,USD,AE,D051,fuel,0
T00886,2026-05-04T03:06:05,U056,U060,28.34,USD,GB,D080,entertainment,0
T00548,2026-05-04T04:25:05,U031,U048,182.83,USD,US,D089,travel,0
T00856,2026-05-04T06:37:05,U039,U023,2.18,USD,IN,D055,travel,0
T00744,2026-05-04T13:52:05,U054,U006,21.46,USD,GB,D077,fashion,0
T01140,2026-05-04T14:23:05,U019,U017,176.85,USD,AE,D027,entertainment,0
T00091,2026-05-04T17:18:05,U044,U043,391.46,USD,IN,D063,dining,0
T00012,2026-05-04T18:43:05,U035,U009,267.44,USD,US,D049,entertainment,0
T00103,2026-05-04T22:46:05,U049,U029,126.56,USD,US,D070,fuel,0
T00411,2026-05-05T02:24:05,U010,U042,394.8,USD,IN,D088,fashion,0
T01150,2026-05-05T03:43:05,U030,U003,118.47,USD,GB,D089,fuel,0
T00716,2026-05-05T03:54:05,U036,U031,282.85,USD,GB,D050,entertainment,0
T00994,2026-05-05T04:44:05,U019,U046,226.7,USD,AE,D027,dining,0
T00967,2026-05-05T07:16:05,U014,U035,130.18,USD,GB,D022,fuel,0
T00737,2026-05-05T10:28:05,U056,U045,35.53,USD,GB,D080,travel,0
T01146,2026-05-05T11:18:05,U048,U014,124.44,USD,GB,D069,groceries,0
T00172,2026-05-05T12:07:05,U039,U014,64.02,USD,IN,D055,electronics,0
T00877,2026-05-05T19:44:05,U013,U044,81.22,USD,IN,D020,electronics,0
T00938,2026-05-05T21:07:05,U011,U051,161.66,USD,SG,D088,groceries,0
T00071,2026-05-06T00:42:05,U054,U030,31.92,USD,GB,D666,fashion,0
T00281,2026-05-06T00:52:05,U013,U037,140.69,USD,IN,D020,utilities,0
T00480,2026-05-06T05:05:05,U058,U034,86.33,USD,SG,D083,entertainment,0
T00919,2026-05-06T05:10:05,U017,U019,257.63,USD,SG,D025,utilities,0
T00407,2026-05-06T05:25:05,U037,U040,102.32,USD,AE,D051,travel,0
T01043,2026-05-06T06:08:05,U001,U023,228.97,USD,IN,D001,travel,0
T01148,2026-05-06T12:24:05,U057,U026,40.46,USD,AE,D081,entertainment,0
T00697,2026-05-06T12:52:05,U059,U038,63.9,USD,AE,D084,entertainment,0
T00013,2026-05-06T13:56:05,U057,U046,65.47,USD,AE,D081,utilities,0
T00120,2026-05-06T19:10:05,U041,U015,170.92,USD,AE,D059,electronics,0
T01031,2026-05-06T23:43:05,U012,U054,284.35,USD,US,D019,utilities,0
T00609,2026-05-07T02:09:05,U014,U009,111.17,USD,GB,D022,travel,0
T00647,2026-05-07T02:19:05,U042,U013,197.26,USD,AE,D061,fuel,0
T00901,2026-05-07T10:02:05,U055,U004,629.62,USD,GB,D667,groceries,0
T00936,2026-05-07T10:52:05,U045,U030,230.84,USD,GB,D064,electronics,0
T00383,2026-05-07T12:45:05,U002,U009,24.68,USD,US,D004,travel,0
T00767,2026-05-07T13:17:05,U034,U054,135.01,USD,SG,D048,utilities,0
T00087,2026-05-07T16:57:05,U029,U020,525.43,USD,IN,D040,groceries,0
T00757,2026-05-07T20:09:05,U017,U057,275.41,USD,SG,D025,dining,0
T00127,2026-05-07T20:53:05,U023,U017,128.12,USD,GB,D031,fuel,0
T00014,2026-05-07T21:23:05,U043,U044,557.9,USD,AE,D062,electronics,0
T00861,2026-05-07T23:21:05,U051,U033,110.66,USD,AE,D072,entertainment,0
T00786,2026-05-07T23:28:05,U057,U015,7.66,USD,AE,D082,dining,0
T00969,2026-05-08T01:21:05,U041,U023,103.51,USD,AE,D058,fashion,0
T00870,2026-05-08T04:29:05,U029,U008,350.14,USD,IN,D040,entertainment,0
T00958,2026-05-08T04:46:05,U041,U050,2165.41,USD,SG,D666,crypto_exchange,1
T00037,2026-05-08T07:12:05,U036,U019,197.22,USD,GB,D050,dining,0
T00094,2026-05-08T07:40:05,U008,U046,152.17,USD,AE,D014,fashion,0
T00465,2026-05-08T07:57:05,U011,U054,156.8,USD,SG,D018,groceries,0
T00653,2026-05-08T10:41:05,U029,U043,284.59,USD,IN,D040,electronics,0
T01119,2026-05-08T10:51:05,U026,U021,149.96,USD,AE,D035,electronics,0
T00302,2026-05-08T13:36:05,U043,U011,389.98,USD,AE,D062,fashion,0
T01082,2026-05-09T01:10:05,U016,U005,30.3,USD,SG,D024,utilities,0
T00876,2026-05-09T01:16:05,U002,U042,85.8,USD,US,D004,dining,0
T01092,2026-05-09T03:54:05,U028,U041,306.46,USD,AE,D038,fuel,0
T00729,2026-05-09T04:11:05,U011,U019,112.83,USD,SG,D088,fashion,0
T01166,2026-05-09T05:12:05,U057,U038,21.85,USD,AE,D082,fuel,0
T00429,2026-05-09T06:25:05,U023,U043,169.95,USD,GB,D031,electronics,0
T00397,2026-05-09T06:35:05,U019,U055,190.74,USD,AE,D027,fuel,0
T00899,2026-05-09T11:00:05,U014,U045,125.98,USD,GB,D022,utilities,0
T01013,2026-05-09T11:03:05,U016,U025,47.96,USD,SG,D024,travel,0
T01023,2026-05-09T13:32:05,U026,U004,80.67,USD,AE,D035,entertainment,0
T00483,2026-05-09T14:04:05,U012,U053,188.82,USD,US,D019,entertainment,0
T00879,2026-05-09T15:07:05,U035,U053,211.2,USD,US,D049,utilities,0
T00479,2026-05-09T15:58:05,U018,U040,370.59,USD,AE,D026,dining,0
T00259,2026-05-09T16:30:05,U033,U016,149.66,USD,SG,D045,fuel,0
T00258,2026-05-09T16:56:05,U021,U027,324.65,USD,GB,D029,travel,0
T00769,2026-05-09T19:57:05,U050,U035,241.87,USD,GB,D071,fashion,0
T00771,2026-05-09T22:51:05,U021,U005,441.85,USD,GB,D029,groceries,0
T00101,2026-05-10T01:35:05,U006,U057,344.62,USD,US,D010,groceries,0
T00758,2026-05-10T04:17:05,U016,U001,107.54,USD,SG,D024,travel,0
T00782,2026-05-10T04:36:05,U058,U055,45.7,USD,SG,D083,entertainment,0
T00790,2026-05-10T04:41:05,U047,U052,479.34,USD,SG,D067,fuel,0
T00072,2026-05-10T05:23:05,U002,U013,61.93,USD,US,D003,fuel,0
T00279,2026-05-10T05:27:05,U034,U044,133.13,USD,SG,D048,fuel,0
T00134,2026-05-10T09:06:05,U006,U049,323.79,USD,US,D009,fashion,0
T00413,2026-05-10T10:21:05,U030,U039,110.7,USD,GB,D041,groceries,0
T00058,2026-05-10T10:29:05,U004,U015,283.43,USD,AE,D006,fuel,0
T00118,2026-05-10T13:08:05,U042,U056,273.46,USD,AE,D061,fashion,0
T00329,2026-05-10T16:51:05,U016,U056,39.8,USD,SG,D024,entertainment,0
T00573,2026-05-10T17:35:05,U045,U006,264.8,USD,GB,D064,electronics,0
T00296,2026-05-10T17:46:05,U013,U011,147.4,USD,IN,D020,fuel,0
T00051,2026-05-10T18:12:05,U005,U036,60.23,USD,IN,D008,fuel,0
T00502,2026-05-10T18:40:05,U011,U015,89.02,USD,SG,D088,dining,0
T00652,2026-05-10T19:41:05,U009,U058,486.27,USD,AE,D016,fuel,0
T00024,2026-05-10T21:03:05,U012,U052,452.43,USD,US,D019,fashion,0
T00332,2026-05-10T22:45:05,U014,U021,129.88,USD,GB,D021,groceries,0
T00182,2026-05-10T22:58:05,U048,U051,235.31,USD,GB,D069,travel,0
T00099,2026-05-10T23:30:05,U031,U011,355.27,USD,US,D043,entertainment,0
T00273,2026-05-10T23:59:05,U053,U053,230.75,USD,GB,D666,electronics,1
T00974,2026-05-11T01:39:05,U014,U031,80.16,USD,GB,D021,groceries,0
T00195,2026-05-11T02:26:05,U051,U044,87.64,USD,AE,D666,fashion,0
T00444,2026-05-11T03:13:05,U050,U005,284.86,USD,GB,D667,utilities,0
T00423,2026-05-11T03:55:05,U001,U053,3919.71,USD,GB,D667,crypto_exchange,1
T00960,2026-05-11T08:19:05,U052,U044,505.06,USD,US,D666,fashion,0
T01065,2026-05-11T11:08:05,U024,U013,26.97,USD,US,D032,fashion,0
T01137,2026-05-11T12:19:05,U033,U058,347.51,USD,SG,D045,fuel,0
T00948,2026-05-11T14:15:05,U035,U006,284.79,USD,US,D049,fuel,0
T00073,2026-05-11T14:51:05,U023,U058,148.64,USD,GB,D031,utilities,0
T01167,2026-05-11T17:02:05,U040,U012,444.14,USD,US,D056,dining,0
T00862,2026-05-11T17:05:05,U008,U002,71.7,USD,AE,D013,travel,0
T00201,2026-05-11T17:54:05,U012,U016,411.76,USD,US,D019,travel,0
T00750,2026-05-11T18:18:05,U001,U028,159.35,USD,IN,D002,utilities,0
T00077,2026-05-11T22:19:05,U031,U022,210.64,USD,US,D089,entertainment,0
T00900,2026-05-11T23:26:05,U046,U006,279.24,USD,IN,D066,groceries,0
T00386,2026-05-11T23:50:05,U008,U055,1154.72,USD,US,D667,crypto_exchange,1
T00248,2026-05-11T23:59:05,U030,U009,165.48,USD,GB,D041,travel,0
T00111,2026-05-12T01:19:05,U029,U025,248.54,USD,IN,D040,fuel,0
T01000,2026-05-12T01:32:05,U004,U030,385.92,USD,AE,D006,fuel,0
T00053,2026-05-12T04:48:05,U031,U053,2755.89,USD,AE,D089,electronics,1
T00538,2026-05-12T09:09:05,U058,U030,80.4,USD,SG,D083,utilities,0
T00725,2026-05-12T14:21:05,U002,U014,110.86,USD,US,D004,travel,0
T01025,2026-05-12T14:55:05,U001,U037,266.69,USD,IN,D001,electronics,0
T00164,2026-05-12T15:33:05,U019,U010,369.46,USD,AE,D027,fuel,0
T00341,2026-05-12T16:43:05,U011,U033,154.81,USD,SG,D018,travel,0
T00610,2026-05-12T16:51:05,U046,U036,69.76,USD,IN,D066,fuel,0
T00929,2026-05-12T20:19:05,U059,U055,20.99,USD,AE,D084,fashion,0
T00219,2026-05-12T23:07:05,U028,U053,1861.93,USD,US,D666,electronics,1
T00624,2026-05-13T05:37:05,U051,U005,95.08,USD,AE,D667,entertainment,0
T00764,2026-05-13T05:48:05,U002,U048,61.72,USD,US,D004,travel,0
T00947,2026-05-13T07:27:05,U037,U004,137.46,USD,AE,D051,electronics,0
T00478,2026-05-13T07:52:05,U025,U023,125.7,USD,IN,D034,entertainment,0
T00902,2026-05-13T08:09:05,U036,U008,301.85,USD,GB,D050,utilities,0
T00335,2026-05-13T08:11:05,U030,U058,109.36,USD,GB,D089,fuel,0
T00378,2026-05-13T08:47:05,U003,U046,295.42,USD,IN,D005,electronics,0
T00200,2026-05-13T13:48:05,U043,U002,214.66,USD,AE,D062,entertainment,0
T00068,2026-05-13T14:35:05,U007,U042,289.09,USD,AE,D011,fuel,0
T01042,2026-05-13T15:19:05,U044,U007,438.04,USD,IN,D063,entertainment,0
T00801,2026-05-13T21:19:05,U043,U039,320.34,USD,AE,D062,groceries,0
T00206,2026-05-14T02:56:05,U058,U044,36.39,USD,SG,D083,fuel,0
T01158,2026-05-14T03:48:05,U049,U040,284.26,USD,US,D070,travel,0
T00530,2026-05-14T04:03:05,U046,U054,149.24,USD,IN,D066,fuel,0
T00245,2026-05-14T05:16:05,U024,U009,19.61,USD,US,D032,electronics,0
T00550,2026-05-14T11:20:05,U051,U017,94.48,USD,AE,D666,utilities,0
T00523,2026-05-14T12:59:05,U059,U020,104.99,USD,AE,D084,utilities,0
T00450,2026-05-14T13:47:05,U053,U004,26.86,USD,AE,D075,travel,0
T00348,2026-05-14T14:19:05,U051,U026,110.6,USD,AE,D667,fuel,0
T00344,2026-05-14T14:39:05,U014,U041,210.53,USD,GB,D022,fuel,0
T00527,2026-05-14T16:12:05,U049,U011,423.95,USD,US,D070,electronics,0
T00359,2026-05-14T19:30:05,U023,U044,94.5,USD,GB,D031,fashion,0
T00500,2026-05-14T19:35:05,U022,U011,127.21,USD,IN,D030,electronics,0
T00326,2026-05-14T21:46:05,U027,U012,166.36,USD,SG,D036,fuel,0
T01123,2026-05-14T23:39:05,U012,U055,377.01,USD,US,D019,dining,0
T00874,2026-05-15T00:04:05,U047,U054,4532.21,USD,IN,D666,gift_cards,1
T01078,2026-05-15T00:41:05,U032,U019,213.2,USD,GB,D044,entertainment,0
T00834,2026-05-15T01:40:05,U048,U055,2034.38,USD,IN,D667,gift_cards,1
T00852,2026-05-15T03:11:05,U021,U055,419.57,USD,GB,D029,electronics,0
T00059,2026-05-15T03:35:05,U022,U028,109.27,USD,IN,D030,utilities,0
T00366,2026-05-15T07:06:05,U034,U011,63.48,USD,SG,D048,travel,0
T00629,2026-05-15T08:30:05,U044,U025,578.52,USD,IN,D063,utilities,0
T00640,2026-05-15T08:35:05,U049,U026,529.04,USD,US,D070,groceries,0
T00792,2026-05-15T08:53:05,U047,U006,179.39,USD,SG,D068,groceries,0
T00207,2026-05-15T09:35:05,U050,U011,180.7,USD,GB,D667,dining,0
T00928,2026-05-15T09:53:05,U060,U044,152.72,USD,SG,D085,groceries,0
T00314,2026-05-15T10:55:05,U024,U026,44.35,USD,US,D032,fashion,0
T00794,2026-05-15T10:56:05,U041,U004,216.45,USD,AE,D058,utilities,0
T00124,2026-05-15T11:03:05,U006,U041,308.05,USD,US,D010,dining,0
T00448,2026-05-15T12:00:05,U003,U056,351.26,USD,IN,D005,groceries,0
T01133,2026-05-15T13:08:05,U044,U047,360.22,USD,IN,D063,fashion,0
T01060,2026-05-15T15:57:05,U021,U020,315.63,USD,GB,D029,fuel,0
T00778,2026-05-15T17:09:05,U047,U013,437.94,USD,SG,D067,dining,0
T00212,2026-05-15T18:58:05,U033,U006,198.72,USD,SG,D045,entertainment,0
T00811,2026-05-15T19:45:05,U056,U015,35.81,USD,GB,D079,fashion,0
T00434,2026-05-15T20:26:05,U060,U056,208.82,USD,SG,D086,fashion,0
T00605,2026-05-15T21:41:05,U053,U021,15.67,USD,AE,D666,fashion,0
T00194,2026-05-15T21:42:05,U024,U028,160.55,USD,US,D032,entertainment,0
T00365,2026-05-15T22:32:05,U001,U037,328.3,USD,IN,D087,dining,0
T01154,2026-05-16T00:04:05,U055,U050,597.15,USD,GB,D666,fashion,0
T00389,2026-05-16T00:48:05,U029,U001,466.67,USD,IN,D040,dining,0
T00055,2026-05-16T00:51:05,U028,U026,214.87,USD,AE,D039,travel,0
T00734,2026-05-16T03:00:05,U042,U020,193.53,USD,AE,D060,dining,0
T01169,2026-05-16T03:07:05,U035,U051,1232.74,USD,AE,D667,electronics,1
T01105,2026-05-16T03:14:05,U054,U028,32.06,USD,GB,D077,dining,0
T01085,2026-05-16T04:00:05,U021,U022,335.0,USD,GB,D029,electronics,0
T00392,2026-05-16T08:54:05,U039,U056,47.05,USD,IN,D054,fuel,0
T00797,2026-05-16T12:47:05,U028,U032,325.63,USD,AE,D039,groceries,0
T00512,2026-05-16T13:50:05,U031,U059,447.08,USD,US,D089,groceries,0
T00925,2026-05-16T22:27:05,U004,U032,178.3,USD,AE,D006,utilities,0
T00043,2026-05-17T00:26:05,U045,U016,299.71,USD,GB,D064,travel,0
T01064,2026-05-17T02:33:05,U008,U049,74.73,USD,AE,D013,travel,0
T00003,2026-05-17T03:28:05,U031,U001,433.99,USD,US,D043,fashion,0
T00269,2026-05-17T04:13:05,U013,U009,149.35,USD,IN,D020,entertainment,0
T00781,2026-05-17T04:35:05,U051,U035,43.8,USD,AE,D666,fuel,0
T00591,2026-05-17T08:21:05,U036,U054,244.97,USD,GB,D050,dining,0
T00564,2026-05-17T08:36:05,U059,U002,104.34,USD,AE,D084,dining,0
T00545,2026-05-17T11:14:05,U017,U047,215.66,USD,SG,D025,dining,0
T00728,2026-05-17T11:37:05,U041,U056,145.67,USD,AE,D058,electronics,0
T00831,2026-05-17T11:49:05,U057,U050,57.66,USD,AE,D082,groceries,0
T00895,2026-05-17T13:51:05,U012,U054,350.57,USD,US,D019,fashion,0
T00828,2026-05-17T19:57:05,U013,U019,165.15,USD,IN,D020,fashion,0
T00910,2026-05-18T00:52:05,U046,U003,250.42,USD,IN,D066,groceries,0
T00743,2026-05-18T02:50:05,U036,U016,299.63,USD,GB,D050,travel,0
T01081,2026-05-18T03:15:05,U023,U024,93.45,USD,GB,D031,groceries,0
T00277,2026-05-18T05:30:05,U021,U046,274.24,USD,GB,D029,dining,0
T00859,2026-05-18T09:09:05,U052,U027,382.58,USD,US,D666,groceries,0
T00963,2026-05-18T10:18:05,U018,U011,208.23,USD,AE,D026,entertainment,0
T00449,2026-05-18T12:42:05,U015,U060,33.2,USD,GB,D023,entertainment,0
T00617,2026-05-18T13:23:05,U060,U021,409.43,USD,SG,D085,groceries,0
T01180,2026-05-18T14:38:05,U018,U041,387.33,USD,AE,D026,entertainment,0
T01039,2026-05-18T19:49:05,U004,U005,124.65,USD,AE,D006,utilities,0
T00052,2026-05-18T21:12:05,U004,U046,147.83,USD,AE,D006,groceries,0
T00680,2026-05-18T22:22:05,U042,U034,207.5,USD,AE,D060,fashion,0
T00985,2026-05-19T02:36:05,U018,U051,4203.44,USD,US,D026,gift_cards,1
T01163,2026-05-19T07:37:05,U033,U048,262.23,USD,SG,D046,utilities,0
T00403,2026-05-19T08:08:05,U035,U007,175.91,USD,US,D049,dining,0
T00577,2026-05-19T09:59:05,U052,U049,378.64,USD,US,D073,groceries,0
T00474,2026-05-19T11:26:05,U002,U013,80.12,USD,US,D004,utilities,0
T01024,2026-05-19T13:34:05,U010,U025,255.47,USD,IN,D088,fashion,0
T00800,2026-05-19T18:52:05,U005,U022,68.87,USD,IN,D007,electronics,0
T01188,2026-05-19T20:05:05,U052,U036,444.37,USD,US,D667,dining,0
T00321,2026-05-20T01:18:05,U048,U051,1382.77,USD,IN,D667,electronics,1
T00497,2026-05-20T03:41:05,U001,U051,3639.11,USD,AE,D001,gift_cards,1
T00793,2026-05-20T04:08:05,U023,U057,76.73,USD,GB,D031,dining,0
T00441,2026-05-20T04:31:05,U016,U004,88.2,USD,SG,D024,utilities,0
T00098,2026-05-20T07:35:05,U012,U042,252.58,USD,US,D019,fuel,0
T01099,2026-05-20T08:07:05,U030,U013,51.72,USD,GB,D089,travel,0
T00095,2026-05-20T11:40:05,U033,U028,395.05,USD,SG,D046,entertainment,0
T00228,2026-05-20T16:00:05,U057,U059,39.88,USD,AE,D082,fashion,0
T00370,2026-05-20T17:03:05,U052,U022,392.38,USD,US,D074,fashion,0
T00418,2026-05-20T19:23:05,U060,U028,23.85,USD,SG,D085,dining,0
T01157,2026-05-21T04:28:05,U033,U038,461.83,USD,SG,D045,fashion,0
T00047,2026-05-21T05:29:05,U054,U059,25.36,USD,GB,D667,travel,0
T00300,2026-05-21T07:17:05,U017,U050,264.59,USD,SG,D025,utilities,0
T00232,2026-05-21T08:09:05,U045,U003,345.99,USD,GB,D064,entertainment,0
T00377,2026-05-21T12:23:05,U051,U026,104.79,USD,AE,D667,fashion,0
T00840,2026-05-21T13:06:05,U006,U042,345.22,USD,US,D009,entertainment,0
T00404,2026-05-21T13:50:05,U056,U006,39.99,USD,GB,D079,fuel,0
T00267,2026-05-21T15:11:05,U005,U041,56.82,USD,IN,D007,electronics,0
T00211,2026-05-21T16:53:05,U059,U027,102.94,USD,AE,D084,groceries,0
T01121,2026-05-21T17:40:05,U051,U031,69.72,USD,AE,D666,travel,0
T00241,2026-05-21T18:53:05,U009,U006,400.14,USD,AE,D016,entertainment,0
T00597,2026-05-21T19:57:05,U043,U008,546.73,USD,AE,D062,electronics,0
T00607,2026-05-21T20:38:05,U022,U040,132.57,USD,IN,D030,utilities,0
T00158,2026-05-21T22:32:05,U039,U052,42.06,USD,IN,D054,electronics,0
T00596,2026-05-22T00:09:05,U053,U039,15.12,USD,AE,D667,fuel,0
T00980,2026-05-22T01:19:05,U014,U031,169.8,USD,GB,D022,dining,0
T00004,2026-05-22T01:21:05,U060,U019,205.23,USD,SG,D086,fashion,0
T00459,2026-05-22T08:54:05,U045,U049,229.64,USD,GB,D064,electronics,0
T01074,2026-05-22T11:31:05,U055,U043,466.37,USD,GB,D667,utilities,0
T00280,2026-05-22T11:32:05,U021,U024,425.7,USD,GB,D029,utilities,0
T00714,2026-05-22T12:25:05,U008,U022,103.29,USD,AE,D013,groceries,0
T00026,2026-05-22T12:55:05,U013,U024,227.2,USD,IN,D020,utilities,0
T00318,2026-05-22T13:38:05,U053,U058,17.45,USD,AE,D075,electronics,0
T00188,2026-05-22T16:04:05,U033,U029,400.79,USD,SG,D045,groceries,0
T01095,2026-05-22T17:42:05,U034,U045,133.04,USD,SG,D048,utilities,0
T00894,2026-05-22T18:37:05,U008,U022,85.75,USD,AE,D014,electronics,0
T01032,2026-05-22T19:48:05,U032,U015,261.2,USD,GB,D044,groceries,0
T00727,2026-05-22T20:27:05,U025,U011,231.62,USD,IN,D034,entertainment,0
T00257,2026-05-22T21:58:05,U029,U014,393.25,USD,IN,D040,entertainment,0
T00996,2026-05-22T23:57:05,U008,U041,88.31,USD,AE,D014,groceries,0
T00982,2026-05-23T00:21:05,U009,U023,269.38,USD,AE,D016,dining,0
T00463,2026-05-23T01:29:05,U007,U022,318.76,USD,AE,D011,fashion,0
T00987,2026-05-23T03:32:05,U003,U054,3637.97,USD,US,D667,electronics,1
T00187,2026-05-23T07:45:05,U010,U019,248.51,USD,IN,D088,groceries,0
T00881,2026-05-23T11:43:05,U004,U026,263.76,USD,AE,D006,groceries,0
T00305,2026-05-23T11:55:05,U045,U054,270.14,USD,GB,D064,dining,0
T00674,2026-05-23T13:12:05,U014,U055,169.28,USD,GB,D021,fashion,0
T00657,2026-05-23T14:42:05,U058,U026,41.83,USD,SG,D083,dining,0
T01028,2026-05-23T20:11:05,U010,U057,231.49,USD,IN,D017,entertainment,0
T00678,2026-05-23T22:56:05,U039,U058,82.07,USD,IN,D054,electronics,0
T01049,2026-05-24T00:15:05,U005,U050,685.59,USD,GB,D666,crypto_exchange,1
T00706,2026-05-24T00:26:05,U036,U038,222.21,USD,GB,D050,utilities,0
T00006,2026-05-24T00:56:05,U004,U034,225.55,USD,AE,D006,travel,0
T00682,2026-05-24T01:42:05,U028,U006,298.5,USD,AE,D039,utilities,0
T00084,2026-05-24T02:59:05,U017,U008,306.64,USD,SG,D025,electronics,0
T00588,2026-05-24T12:10:05,U043,U025,281.69,USD,AE,D062,travel,0
T00583,2026-05-24T13:48:05,U027,U012,140.44,USD,SG,D037,fashion,0
T00687,2026-05-24T16:10:05,U024,U023,120.71,USD,US,D032,fashion,0
T00631,2026-05-24T22:49:05,U052,U013,618.31,USD,US,D073,entertainment,0
T00661,2026-05-25T00:39:05,U003,U016,227.74,USD,IN,D005,electronics,0
T00799,2026-05-25T01:07:05,U031,U037,261.41,USD,US,D042,dining,0
T01072,2026-05-25T06:21:05,U019,U053,179.85,USD,AE,D027,groceries,0
T00156,2026-05-25T06:23:05,U028,U059,258.85,USD,AE,D039,electronics,0
T00827,2026-05-25T08:57:05,U012,U032,326.23,USD,US,D019,travel,0
T01035,2026-05-25T12:28:05,U008,U049,115.33,USD,AE,D014,entertainment,0
T00454,2026-05-25T13:08:05,U024,U048,184.46,USD,US,D032,dining,0
T01186,2026-05-25T13:56:05,U051,U004,72.77,USD,AE,D666,groceries,0
T00295,2026-05-25T14:21:05,U042,U033,248.39,USD,AE,D061,fuel,0
T00415,2026-05-25T16:06:05,U028,U018,212.24,USD,AE,D039,entertainment,0
T00264,2026-05-25T16:29:05,U004,U045,129.0,USD,AE,D006,fuel,0
T00445,2026-05-25T19:14:05,U037,U030,122.3,USD,AE,D051,entertainment,0
T00869,2026-05-25T21:12:05,U018,U058,259.8,USD,AE,D026,dining,0
T00229,2026-05-25T22:14:05,U012,U019,198.38,USD,US,D019,electronics,0
T00571,2026-05-25T22:42:05,U008,U018,110.36,USD,AE,D014,dining,0
T00857,2026-05-25T22:42:05,U034,U032,101.92,USD,SG,D047,travel,0
T00433,2026-05-26T02:44:05,U025,U058,241.83,USD,IN,D034,groceries,0
T00351,2026-05-26T03:20:05,U045,U022,327.72,USD,GB,D064,electronics,0
T01103,2026-05-26T04:11:05,U008,U055,138.28,USD,AE,D014,utilities,0
T00437,2026-05-26T05:56:05,U019,U027,297.46,USD,AE,D027,electronics,0
T00798,2026-05-26T07:37:05,U017,U029,279.8,USD,SG,D025,travel,0
T00561,2026-05-26T10:56:05,U009,U054,277.15,USD,AE,D016,groceries,0
T01077,2026-05-26T18:15:05,U036,U004,247.61,USD,GB,D050,fashion,0
T01182,2026-05-26T20:19:05,U023,U022,180.64,USD,GB,D031,fuel,0
T00908,2026-05-27T00:13:05,U040,U025,141.05,USD,US,D056,entertainment,0
T00658,2026-05-27T02:23:05,U009,U006,281.69,USD,AE,D016,fashion,0
T00726,2026-05-27T02:27:05,U023,U033,69.01,USD,GB,D031,fuel,0
T00154,2026-05-27T08:34:05,U029,U015,241.34,USD,IN,D040,groceries,0
T00210,2026-05-27T08:49:05,U018,U010,179.82,USD,AE,D026,fashion,0
T01178,2026-05-27T08:49:05,U032,U045,175.74,USD,GB,D044,fuel,0
T00668,2026-05-27T11:24:05,U011,U013,109.47,USD,SG,D088,travel,0
T00262,2026-05-27T11:49:05,U049,U032,145.51,USD,US,D070,groceries,0
T00704,2026-05-27T15:42:05,U027,U017,66.88,USD,SG,D037,dining,0
T00721,2026-05-27T16:48:05,U058,U032,34.48,USD,SG,D083,utilities,0
T00102,2026-05-27T19:55:05,U027,U024,164.71,USD,SG,D037,fuel,0
T00562,2026-05-27T23:58:05,U019,U040,260.15,USD,AE,D027,entertainment,0
T00308,2026-05-28T00:05:05,U011,U030,116.46,USD,SG,D018,electronics,0
T00625,2026-05-28T00:39:05,U015,U028,48.33,USD,GB,D023,fashion,0
T00539,2026-05-28T00:44:05,U030,U007,138.28,USD,GB,D089,groceries,0
T00069,2026-05-28T03:09:05,U028,U053,345.28,USD,AE,D039,fuel,0
T00984,2026-05-28T03:12:05,U006,U039,3.15,USD,US,D010,fuel,0
T00511,2026-05-28T04:58:05,U054,U057,18.52,USD,GB,D077,fuel,0
T00587,2026-05-28T06:07:05,U056,U045,38.78,USD,GB,D080,electronics,0
T00955,2026-05-28T06:09:05,U052,U057,215.51,USD,US,D074,travel,0
T00733,2026-05-28T08:02:05,U002,U018,73.88,USD,US,D003,travel,0
T00275,2026-05-28T08:35:05,U038,U042,69.45,USD,US,D052,fashion,0
T00153,2026-05-28T12:38:05,U009,U008,414.26,USD,AE,D016,electronics,0
T00808,2026-05-28T14:11:05,U038,U019,244.18,USD,US,D053,dining,0
T00813,2026-05-28T19:54:05,U003,U021,279.21,USD,IN,D005,entertainment,0
T01009,2026-05-28T21:32:05,U038,U020,244.44,USD,US,D053,travel,0
T01138,2026-05-28T22:06:05,U006,U022,195.87,USD,US,D009,groceries,0
T00183,2026-05-28T22:30:05,U033,U023,128.27,USD,SG,D045,entertainment,0
T00123,2026-05-28T23:44:05,U028,U012,171.89,USD,AE,D038,travel,0
T00272,2026-05-29T02:17:05,U033,U032,462.63,USD,SG,D046,utilities,0
T01094,2026-05-29T03:07:05,U018,U053,448.04,USD,AE,D026,fashion,0
T00821,2026-05-29T03:39:05,U021,U048,336.7,USD,GB,D029,electronics,0
T00079,2026-05-29T09:59:05,U021,U013,495.98,USD,GB,D029,dining,0
T00762,2026-05-29T11:03:05,U042,U052,199.84,USD,AE,D060,electronics,0
T00316,2026-05-29T13:02:05,U008,U016,91.05,USD,AE,D013,groceries,0
T00975,2026-05-29T13:15:05,U048,U012,121.45,USD,GB,D069,travel,0
T01083,2026-05-29T15:34:05,U022,U021,80.17,USD,IN,D030,groceries,0
T00032,2026-05-29T15:38:05,U034,U049,87.45,USD,SG,D048,dining,0
T00135,2026-05-29T17:44:05,U013,U034,197.95,USD,IN,D020,utilities,0
T00739,2026-05-29T18:18:05,U059,U020,69.05,USD,AE,D084,entertainment,0
T00050,2026-05-29T19:21:05,U022,U026,144.48,USD,IN,D030,travel,0
T00952,2026-05-29T20:14:05,U025,U043,280.92,USD,IN,D034,utilities,0
T00510,2026-05-29T22:11:05,U043,U027,253.25,USD,AE,D062,dining,0
T00060,2026-05-29T23:45:05,U031,U052,1729.99,USD,GB,D666,crypto_exchange,1
T00242,2026-05-29T23:46:05,U046,U019,262.88,USD,IN,D065,utilities,0
T00284,2026-05-30T02:00:05,U008,U054,40.34,USD,AE,D013,entertainment,0
T00345,2026-05-30T04:28:05,U002,U050,622.48,USD,SG,D666,gift_cards,1
T00893,2026-05-30T04:55:05,U037,U044,147.54,USD,AE,D051,electronics,0
T00255,2026-05-30T07:12:05,U032,U019,173.84,USD,GB,D044,utilities,0
T01017,2026-05-30T08:27:05,U001,U047,382.06,USD,IN,D002,utilities,0
T00126,2026-05-30T09:26:05,U058,U011,48.87,USD,SG,D083,electronics,0
T00568,2026-05-30T10:56:05,U029,U017,451.39,USD,IN,D040,fuel,0
T00001,2026-05-30T17:35:05,U052,U035,518.46,USD,US,D073,groceries,0
T00476,2026-05-30T18:22:05,U032,U025,234.78,USD,GB,D044,travel,0
T00532,2026-05-30T19:47:05,U056,U023,44.33,USD,GB,D079,entertainment,0
T00517,2026-05-30T21:21:05,U025,U031,232.28,USD,IN,D034,groceries,0
T00334,2026-05-30T21:25:05,U026,U021,202.8,USD,AE,D035,utilities,0
T00020,2026-05-30T22:23:05,U054,U010,27.6,USD,GB,D077,fashion,0
T00350,2026-05-30T22:46:05,U026,U032,173.55,USD,AE,D035,groceries,0
T00223,2026-05-30T23:10:05,U009,U055,2530.23,USD,US,D016,gift_cards,1
T00082,2026-05-31T00:12:05,U003,U020,360.3,USD,IN,D005,travel,0
T00608,2026-05-31T00:42:05,U046,U041,156.69,USD,IN,D065,dining,0
T00149,2026-05-31T02:04:05,U005,U015,59.52,USD,IN,D007,dining,0
T00364,2026-05-31T02:05:05,U002,U007,85.15,USD,US,D004,entertainment,0
T00035,2026-05-31T02:30:05,U026,U009,89.33,USD,AE,D035,dining,0
T00949,2026-05-31T02:39:05,U042,U013,284.38,USD,AE,D061,utilities,0
T00328,2026-05-31T08:47:05,U027,U035,58.36,USD,SG,D037,travel,0
T00724,2026-05-31T09:14:05,U024,U053,128.99,USD,US,D033,utilities,0
T00381,2026-05-31T10:20:05,U033,U029,241.32,USD,SG,D046,entertainment,0
T00636,2026-05-31T10:32:05,U012,U005,331.3,USD,US,D019,dining,0
T00997,2026-05-31T12:04:05,U024,U051,108.38,USD,US,D032,dining,0
T00387,2026-05-31T14:23:05,U036,U028,182.0,USD,GB,D050,fuel,0
T01144,2026-05-31T16:35:05,U023,U056,104.73,USD,GB,D031,travel,0
T00019,2026-05-31T16:42:05,U036,U058,270.82,USD,GB,D050,travel,0
T00266,2026-05-31T18:41:05,U026,U013,75.51,USD,AE,D035,entertainment,0
T00491,2026-05-31T19:02:05,U012,U046,499.66,USD,US,D019,entertainment,0
T00310,2026-05-31T23:15:05,U033,U004,296.48,USD,SG,D046,fuel,0
T00504,2026-06-01T00:26:05,U007,U053,2934.42,USD,US,D666,gift_cards,1
T00186,2026-06-01T00:32:05,U044,U042,521.27,USD,IN,D063,entertainment,0
T00009,2026-06-01T02:08:05,U027,U014,37.55,USD,SG,D036,entertainment,0
T01084,2026-06-01T08:18:05,U043,U002,260.01,USD,AE,D062,fuel,0
T01162,2026-06-01T09:22:05,U034,U004,91.65,USD,SG,D047,electronics,0
T00008,2026-06-01T11:51:05,U008,U017,108.64,USD,AE,D013,groceries,0
T00991,2026-06-01T13:23:05,U046,U030,185.0,USD,IN,D065,fuel,0
T00520,2026-06-01T16:59:05,U025,U040,355.9,USD,IN,D034,fuel,0
T00408,2026-06-01T18:32:05,U046,U059,173.27,USD,IN,D065,electronics,0
T00301,2026-06-01T18:51:05,U020,U046,153.05,USD,IN,D028,dining,0
T00592,2026-06-01T19:11:05,U030,U029,53.56,USD,GB,D041,entertainment,0
T01089,2026-06-01T20:15:05,U004,U027,309.52,USD,AE,D006,dining,0
T00083,2026-06-01T21:26:05,U007,U023,270.68,USD,AE,D011,travel,0
T00395,2026-06-01T23:03:05,U027,U025,144.56,USD,SG,D036,fashion,0
T00129,2026-06-01T23:04:05,U025,U002,226.75,USD,IN,D034,fashion,0
T00247,2026-06-01T23:16:05,U050,U042,451.76,USD,GB,D666,electronics,0
T00796,2026-06-02T00:02:05,U029,U034,468.87,USD,IN,D040,electronics,0
T01037,2026-06-02T00:03:05,U024,U039,149.52,USD,US,D032,groceries,0
T00849,2026-06-02T00:14:05,U055,U052,5213.51,USD,SG,D666,crypto_exchange,1
T00961,2026-06-02T01:36:05,U008,U036,21.93,USD,AE,D014,travel,0
T00866,2026-06-02T01:43:05,U035,U052,2692.61,USD,IN,D666,gift_cards,1
T00556,2026-06-02T02:17:05,U049,U050,401.86,USD,US,D070,travel,0
T00712,2026-06-02T03:07:05,U026,U009,71.83,USD,AE,D035,groceries,0
T00917,2026-06-02T06:21:05,U004,U012,287.05,USD,AE,D006,groceries,0
T01177,2026-06-02T07:29:05,U055,U039,461.51,USD,GB,D078,utilities,0
T00338,2026-06-02T08:32:05,U036,U048,222.47,USD,GB,D050,fashion,0
T00911,2026-06-02T10:59:05,U046,U031,152.79,USD,IN,D065,electronics,0
T00715,2026-06-02T12:36:05,U044,U057,437.85,USD,IN,D063,utilities,0
T00964,2026-06-02T14:45:05,U029,U056,376.54,USD,IN,D040,fashion,0
T00696,2026-06-02T23:41:05,U043,U013,290.3,USD,AE,D062,groceries,0
T00439,2026-06-03T00:28:05,U035,U045,145.08,USD,US,D049,electronics,0
T00702,2026-06-03T01:19:05,U044,U017,435.54,USD,IN,D063,electronics,0
T01051,2026-06-03T03:01:05,U059,U058,72.42,USD,AE,D084,dining,0
T00665,2026-06-03T03:11:05,U042,U043,110.63,USD,AE,D061,electronics,0
T00382,2026-06-03T05:10:05,U030,U046,98.58,USD,GB,D089,travel,0
T00903,2026-06-03T08:36:05,U016,U026,53.49,USD,SG,D024,fashion,0
T00115,2026-06-03T08:39:05,U009,U056,305.31,USD,AE,D015,fuel,0
T00891,2026-06-03T09:25:05,U035,U037,149.9,USD,US,D049,travel,0
T00324,2026-06-03T11:53:05,U004,U058,236.4,USD,AE,D006,travel,0
T00986,2026-06-03T12:07:05,U015,U010,38.96,USD,GB,D023,groceries,0
T00065,2026-06-03T12:50:05,U046,U007,156.76,USD,IN,D065,utilities,0
T00070,2026-06-03T13:39:05,U028,U018,265.8,USD,AE,D038,entertainment,0
T00320,2026-06-03T16:52:05,U014,U047,210.36,USD,GB,D021,groceries,0
T00825,2026-06-03T22:09:05,U037,U015,231.06,USD,AE,D051,dining,0
T00174,2026-06-04T04:37:05,U015,U004,25.12,USD,GB,D023,groceries,0
T01104,2026-06-04T05:42:05,U057,U008,42.49,USD,AE,D082,entertainment,0
T00847,2026-06-04T06:19:05,U029,U018,538.26,USD,IN,D040,dining,0
T01067,2026-06-04T13:01:05,U023,U027,161.13,USD,GB,D031,fuel,0
T01168,2026-06-04T14:57:05,U006,U018,217.4,USD,US,D010,electronics,0
T00667,2026-06-04T15:18:05,U051,U001,75.84,USD,AE,D666,travel,0
T00063,2026-06-04T18:58:05,U050,U008,160.52,USD,GB,D666,travel,0
T00774,2026-06-04T19:06:05,U004,U060,242.0,USD,AE,D006,dining,0
T00270,2026-06-04T19:46:05,U034,U059,120.64,USD,SG,D048,travel,0
T00698,2026-06-04T20:00:05,U053,U013,12.54,USD,AE,D666,fuel,0
T01021,2026-06-04T23:54:05,U006,U016,186.44,USD,US,D009,utilities,0
T00104,2026-06-05T01:29:05,U002,U053,57.74,USD,US,D087,dining,0
T00692,2026-06-05T01:49:05,U015,U027,47.0,USD,GB,D023,utilities,0
T00540,2026-06-05T01:52:05,U036,U019,176.88,USD,GB,D050,utilities,0
T00968,2026-06-05T05:07:05,U016,U047,57.67,USD,SG,D024,fuel,0
T00494,2026-06-05T06:57:05,U059,U015,90.69,USD,AE,D084,electronics,0
T00832,2026-06-05T07:14:05,U047,U035,521.12,USD,SG,D067,groceries,0
T00880,2026-06-05T11:04:05,U011,U059,215.06,USD,SG,D088,entertainment,0
T00501,2026-06-05T11:54:05,U022,U029,171.73,USD,IN,D030,travel,0
T00319,2026-06-05T14:42:05,U052,U050,458.14,USD,US,D074,groceries,0
T00898,2026-06-05T16:07:05,U035,U038,232.31,USD,US,D049,fuel,0
T00802,2026-06-05T17:32:05,U011,U054,152.6,USD,SG,D018,fuel,0
T00747,2026-06-05T20:50:05,U008,U033,57.54,USD,AE,D014,dining,0
T00171,2026-06-05T21:04:05,U010,U030,364.63,USD,IN,D088,fashion,0
T00180,2026-06-05T21:41:05,U011,U031,101.57,USD,SG,D018,entertainment,0
T00957,2026-06-05T22:14:05,U031,U009,547.48,USD,US,D042,groceries,0
T01135,2026-06-06T01:02:05,U001,U026,369.13,USD,IN,D002,utilities,0
T00618,2026-06-06T03:01:05,U048,U057,163.98,USD,GB,D069,fuel,0
T00934,2026-06-06T04:28:05,U013,U054,823.72,USD,GB,D666,electronics,1
T00579,2026-06-06T05:44:05,U058,U024,43.71,USD,SG,D083,entertainment,0
T00056,2026-06-06T06:43:05,U059,U035,94.07,USD,AE,D084,groceries,0
T00735,2026-06-06T15:57:05,U048,U011,264.28,USD,GB,D069,groceries,0
T00867,2026-06-06T16:01:05,U022,U036,54.15,USD,IN,D030,travel,0
T00427,2026-06-06T19:26:05,U023,U041,159.49,USD,GB,D031,fuel,0
T00756,2026-06-06T21:48:05,U060,U047,203.13,USD,SG,D085,groceries,0
T00085,2026-06-06T22:25:05,U032,U053,251.07,USD,GB,D044,utilities,0
T01160,2026-06-06T22:40:05,U060,U042,213.45,USD,SG,D086,electronics,0
T00637,2026-06-07T00:06:05,U027,U025,96.11,USD,SG,D036,electronics,0
T00768,2026-06-07T00:10:05,U030,U055,1164.51,USD,US,D041,electronics,1
T00569,2026-06-07T00:19:05,U014,U007,197.87,USD,GB,D021,utilities,0
T00372,2026-06-07T05:58:05,U019,U033,194.93,USD,AE,D027,dining,0
T00664,2026-06-07T07:25:05,U046,U017,235.81,USD,IN,D066,travel,0
T00414,2026-06-07T10:12:05,U047,U005,326.94,USD,SG,D067,fashion,0
T00221,2026-06-07T12:01:05,U056,U025,37.45,USD,GB,D080,entertainment,0
T00018,2026-06-07T15:10:05,U022,U017,147.31,USD,IN,D030,travel,0
T00860,2026-06-07T16:01:05,U023,U046,176.84,USD,GB,D031,utilities,0
T00673,2026-06-07T16:17:05,U039,U002,58.92,USD,IN,D054,utilities,0
T01111,2026-06-07T19:11:05,U036,U053,308.78,USD,GB,D050,electronics,0
T00693,2026-06-07T22:07:05,U050,U032,281.05,USD,GB,D071,fuel,0
T00252,2026-06-07T23:38:05,U035,U011,166.87,USD,US,D049,travel,0
T00773,2026-06-08T04:18:05,U007,U055,3855.38,USD,SG,D011,electronics,1
T01152,2026-06-08T04:26:05,U056,U050,298.8,USD,IN,D080,electronics,1
T00254,2026-06-08T04:39:05,U006,U052,3104.96,USD,GB,D666,gift_cards,1
T00885,2026-06-08T07:08:05,U030,U015,111.63,USD,GB,D041,dining,0
T01008,2026-06-08T10:42:05,U038,U052,95.61,USD,US,D053,entertainment,0
T01124,2026-06-08T13:00:05,U002,U007,60.98,USD,US,D003,fuel,0
T00578,2026-06-08T13:12:05,U055,U011,341.69,USD,GB,D666,entertainment,0
T01132,2026-06-08T13:17:05,U024,U009,116.38,USD,US,D033,entertainment,0
T00092,2026-06-08T14:09:05,U008,U011,61.39,USD,AE,D013,utilities,0
T00542,2026-06-08T22:32:05,U046,U020,233.81,USD,IN,D065,dining,0
T00535,2026-06-08T22:47:05,U044,U051,338.09,USD,IN,D063,groceries,0
T00966,2026-06-08T23:09:05,U060,U045,182.27,USD,SG,D085,fuel,0
T00191,2026-06-08T23:20:05,U059,U033,78.28,USD,AE,D084,travel,0
T00114,2026-06-08T23:44:05,U043,U010,494.91,USD,AE,D062,fuel,0
T00906,2026-06-08T23:48:05,U009,U055,1366.92,USD,SG,D667,gift_cards,1
T00819,2026-06-09T00:43:05,U035,U009,260.32,USD,US,D049,dining,0
T00684,2026-06-09T02:15:05,U034,U052,755.22,USD,AE,D667,crypto_exchange,1
T00848,2026-06-09T02:29:05,U012,U024,318.07,USD,US,D019,groceries,0
T01155,2026-06-09T04:12:05,U042,U053,252.7,USD,AE,D061,fashion,0
T00038,2026-06-09T05:36:05,U051,U044,66.99,USD,AE,D667,dining,0
T00648,2026-06-09T07:17:05,U023,U016,128.39,USD,GB,D031,electronics,0
T00196,2026-06-09T09:40:05,U017,U060,242.14,USD,SG,D025,travel,0
T00481,2026-06-09T10:19:05,U011,U017,167.48,USD,SG,D018,utilities,0
T00971,2026-06-09T15:42:05,U030,U014,113.32,USD,GB,D041,utilities,0
T00846,2026-06-09T16:01:05,U016,U032,77.65,USD,SG,D024,fuel,0
T00231,2026-06-09T19:11:05,U007,U047,265.16,USD,AE,D011,fashion,0
T00507,2026-06-09T19:26:05,U031,U025,363.0,USD,US,D043,travel,0
T00567,2026-06-09T21:28:05,U039,U004,89.05,USD,IN,D055,electronics,0
T00489,2026-06-09T21:50:05,U024,U027,90.2,USD,US,D033,electronics,0
T00904,2026-06-09T22:36:05,U028,U012,325.5,USD,AE,D038,fuel,0
T00100,2026-06-09T22:49:05,U045,U026,297.1,USD,GB,D064,groceries,0
T00040,2026-06-10T01:35:05,U006,U054,203.52,USD,US,D010,dining,0
T00033,2026-06-10T02:25:05,U028,U060,96.13,USD,AE,D039,entertainment,0
T00379,2026-06-10T03:25:05,U050,U003,193.06,USD,GB,D666,fashion,0
T00887,2026-06-10T04:29:05,U012,U022,220.79,USD,US,D019,fuel,0
T00780,2026-06-10T04:37:05,U044,U028,307.2,USD,IN,D063,electronics,0
T00163,2026-06-10T04:50:05,U027,U050,136.51,USD,SG,D036,fashion,0
T01014,2026-06-10T05:18:05,U036,U021,206.79,USD,GB,D050,entertainment,0
T00046,2026-06-10T09:43:05,U009,U022,204.24,USD,AE,D016,fuel,0
T00177,2026-06-10T10:45:05,U033,U057,382.28,USD,SG,D046,groceries,0
T00662,2026-06-10T11:55:05,U024,U025,142.79,USD,US,D033,fashion,0
T00143,2026-06-10T16:04:05,U025,U049,288.41,USD,IN,D034,fashion,0
T00010,2026-06-10T18:42:05,U017,U043,206.81,USD,SG,D025,utilities,0
T00139,2026-06-10T20:08:05,U024,U042,118.73,USD,US,D032,entertainment,0
T00932,2026-06-10T21:08:05,U021,U028,383.8,USD,GB,D029,electronics,0
T00346,2026-06-10T23:49:05,U033,U028,425.78,USD,SG,D045,travel,0
T01076,2026-06-11T01:59:05,U049,U035,227.25,USD,US,D070,fuel,0
T00584,2026-06-11T03:37:05,U040,U055,3810.82,USD,GB,D666,gift_cards,1
T00204,2026-06-11T04:55:05,U003,U048,271.42,USD,IN,D005,dining,0
T01187,2026-06-11T06:09:05,U057,U011,59.62,USD,AE,D081,travel,0
T01130,2026-06-11T06:43:05,U053,U051,21.64,USD,AE,D075,travel,0
T00036,2026-06-11T07:00:05,U043,U037,377.3,USD,AE,D062,utilities,0
T00586,2026-06-11T08:20:05,U001,U048,154.22,USD,IN,D087,dining,0
T00173,2026-06-11T08:58:05,U028,U044,237.99,USD,AE,D038,utilities,0
T01001,2026-06-11T09:10:05,U031,U029,489.26,USD,US,D089,entertainment,0
T01070,2026-06-11T11:07:05,U012,U041,273.4,USD,US,D019,electronics,0
T00234,2026-06-11T11:34:05,U033,U011,353.53,USD,SG,D045,groceries,0
T00531,2026-06-11T15:25:05,U041,U039,213.46,USD,AE,D058,fuel,0
T00353,2026-06-11T22:32:05,U003,U038,474.43,USD,IN,D005,groceries,0
T00256,2026-06-11T23:46:05,U016,U046,48.95,USD,SG,D024,groceries,0
T00130,2026-06-12T01:32:05,U001,U051,436.35,USD,IN,D087,groceries,0
T00470,2026-06-12T02:35:05,U053,U038,14.26,USD,AE,D075,utilities,0
T00546,2026-06-12T02:40:05,U047,U035,402.32,USD,SG,D068,fuel,0
T01034,2026-06-12T05:59:05,U012,U043,207.84,USD,US,D019,dining,0
T00950,2026-06-12T08:10:05,U058,U023,49.65,USD,SG,D083,fuel,0
T00946,2026-06-12T09:05:05,U001,U054,307.46,USD,IN,D001,fuel,0
T00791,2026-06-12T09:49:05,U032,U007,225.46,USD,GB,D044,utilities,0
T01190,2026-06-12T11:00:05,U058,U007,59.56,USD,SG,D083,groceries,0
T00522,2026-06-12T11:50:05,U057,U016,34.62,USD,AE,D082,groceries,0
T00075,2026-06-12T12:02:05,U036,U029,128.84,USD,GB,D050,groceries,0
T00076,2026-06-12T14:36:05,U019,U016,308.12,USD,AE,D027,utilities,0
T01038,2026-06-12T17:52:05,U021,U009,353.85,USD,GB,D029,entertainment,0
T00396,2026-06-12T18:12:05,U032,U012,432.03,USD,GB,D044,travel,0
T00853,2026-06-12T20:48:05,U031,U057,205.35,USD,US,D043,utilities,0
T01172,2026-06-12T23:53:05,U008,U015,164.34,USD,AE,D013,fuel,0
T00524,2026-06-13T00:13:05,U054,U044,29.32,USD,GB,D077,electronics,0
T00765,2026-06-13T01:01:05,U058,U052,408.02,USD,AE,D666,electronics,1
T00988,2026-06-13T01:14:05,U031,U016,432.26,USD,US,D089,electronics,0
T01093,2026-06-13T01:50:05,U057,U051,483.25,USD,SG,D082,electronics,1
T00493,2026-06-13T01:56:05,U047,U053,5520.93,USD,IN,D067,electronics,1
T01004,2026-06-13T02:10:05,U011,U010,164.44,USD,SG,D018,fuel,0
T00112,2026-06-13T03:05:05,U056,U016,60.59,USD,GB,D079,fashion,0
T00421,2026-06-13T07:20:05,U041,U050,244.01,USD,AE,D059,dining,0
T00944,2026-06-13T08:40:05,U025,U022,262.94,USD,IN,D034,fashion,0
T00243,2026-06-13T09:02:05,U046,U033,121.19,USD,IN,D065,dining,0
T00025,2026-06-13T11:20:05,U018,U056,511.95,USD,AE,D026,fuel,0
T00167,2026-06-13T14:27:05,U002,U050,33.41,USD,US,D004,utilities,0
T00199,2026-06-13T14:44:05,U053,U044,24.95,USD,AE,D667,electronics,0
T00121,2026-06-13T17:03:05,U007,U046,358.16,USD,AE,D011,utilities,0
T00882,2026-06-13T18:46:05,U028,U040,264.71,USD,AE,D039,fuel,0
T00488,2026-06-13T18:48:05,U002,U056,105.82,USD,US,D003,entertainment,0
T01059,2026-06-13T18:53:05,U032,U019,199.13,USD,GB,D044,groceries,0
T00282,2026-06-13T19:15:05,U020,U022,119.85,USD,IN,D028,fuel,0
T00690,2026-06-13T23:23:05,U040,U004,337.26,USD,US,D057,travel,0
T00090,2026-06-13T23:45:05,U003,U020,378.6,USD,IN,D005,fuel,0
T01056,2026-06-14T01:30:05,U059,U012,36.71,USD,AE,D084,fuel,0
T01194,2026-06-14T02:23:05,U011,U048,83.84,USD,SG,D018,electronics,0
T00683,2026-06-14T04:32:05,U017,U049,79.22,USD,SG,D025,groceries,0
T00250,2026-06-14T04:56:05,U011,U016,132.21,USD,SG,D088,entertainment,0
T00179,2026-06-14T05:18:05,U028,U026,235.9,USD,AE,D039,groceries,0
T00619,2026-06-14T05:24:05,U059,U035,47.33,USD,AE,D084,dining,0
T00399,2026-06-14T06:42:05,U044,U055,363.02,USD,IN,D063,fuel,0
T01030,2026-06-14T06:56:05,U012,U038,317.68,USD,US,D019,travel,0
T01183,2026-06-14T09:25:05,U057,U025,82.14,USD,AE,D082,fashion,0
T00209,2026-06-14T09:27:05,U036,U019,322.49,USD,GB,D050,electronics,0
T00361,2026-06-14T10:03:05,U018,U026,360.2,USD,AE,D026,entertainment,0
T00049,2026-06-14T14:08:05,U018,U020,276.48,USD,AE,D026,dining,0
T01120,2026-06-14T14:11:05,U011,U050,195.31,USD,SG,D088,travel,0
T00554,2026-06-14T18:47:05,U010,U013,574.25,USD,IN,D088,electronics,0
T00601,2026-06-14T21:13:05,U053,U003,14.86,USD,AE,D666,electronics,0
T00246,2026-06-14T21:32:05,U020,U048,125.17,USD,IN,D028,fuel,0
T00317,2026-06-15T02:16:05,U020,U036,116.99,USD,IN,D028,fashion,0
T00034,2026-06-15T03:42:05,U043,U044,487.31,USD,AE,D062,fashion,0
T00430,2026-06-15T06:49:05,U036,U040,189.14,USD,GB,D050,utilities,0
T00170,2026-06-15T07:44:05,U011,U022,99.37,USD,SG,D018,electronics,0
T00385,2026-06-15T08:36:05,U031,U020,345.66,USD,US,D089,groceries,0
T00336,2026-06-15T09:31:05,U007,U032,369.31,USD,AE,D011,entertainment,0
T01066,2026-06-15T15:36:05,U015,U051,17.87,USD,GB,D023,utilities,0
T00841,2026-06-15T19:15:05,U034,U011,131.71,USD,SG,D048,fashion,0
T00030,2026-06-15T22:54:05,U039,U033,66.17,USD,IN,D055,electronics,0
T00989,2026-06-16T02:59:05,U049,U051,3107.82,USD,GB,D666,gift_cards,1
T00322,2026-06-16T05:24:05,U015,U038,39.61,USD,GB,D023,entertainment,0
T01019,2026-06-16T05:40:05,U022,U045,114.94,USD,IN,D030,electronics,0
T00766,2026-06-16T07:20:05,U035,U040,95.31,USD,US,D049,travel,0
T00951,2026-06-16T13:43:05,U057,U002,51.43,USD,AE,D082,dining,0
T00956,2026-06-16T14:01:05,U060,U010,255.67,USD,SG,D085,fuel,0
T00995,2026-06-16T14:40:05,U040,U060,370.11,USD,US,D056,entertainment,0
T00297,2026-06-16T16:32:05,U046,U044,161.03,USD,IN,D065,dining,0
T01141,2026-06-16T17:05:05,U058,U032,30.98,USD,SG,D083,travel,0
T01006,2026-06-16T18:56:05,U023,U043,131.87,USD,GB,D031,groceries,0
T00162,2026-06-16T21:18:05,U028,U004,249.24,USD,AE,D038,entertainment,0
T00615,2026-06-16T22:49:05,U040,U043,223.46,USD,US,D056,fashion,0
T00806,2026-06-16T23:57:05,U002,U035,58.65,USD,US,D087,utilities,0
T00644,2026-06-17T03:03:05,U020,U059,108.85,USD,IN,D028,entertainment,0
T00333,2026-06-17T03:09:05,U060,U031,429.21,USD,SG,D085,dining,0
T01026,2026-06-17T03:16:05,U047,U027,498.86,USD,SG,D068,fuel,0
T00525,2026-06-17T08:04:05,U009,U019,155.46,USD,AE,D015,fashion,0
T01170,2026-06-17T09:12:05,U056,U040,30.34,USD,GB,D080,entertainment,0
T00784,2026-06-17T09:56:05,U050,U017,156.08,USD,GB,D666,entertainment,0
T00108,2026-06-17T13:41:05,U059,U057,71.69,USD,AE,D084,travel,0
T00304,2026-06-17T16:50:05,U031,U040,338.72,USD,US,D043,entertainment,0
T00468,2026-06-17T17:35:05,U055,U007,344.23,USD,GB,D078,travel,0
T00205,2026-06-17T18:35:05,U040,U016,291.44,USD,US,D057,utilities,0
T00705,2026-06-17T19:08:05,U006,U054,223.02,USD,US,D009,entertainment,0
T00533,2026-06-17T19:30:05,U054,U002,29.14,USD,GB,D076,fashion,0
T00443,2026-06-17T21:17:05,U011,U051,160.13,USD,SG,D018,utilities,0
T00590,2026-06-18T00:54:05,U056,U018,32.67,USD,GB,D079,groceries,0
T01041,2026-06-18T03:31:05,U049,U021,415.11,USD,US,D070,utilities,0
T00226,2026-06-18T04:58:05,U031,U043,454.14,USD,US,D043,dining,0
T00897,2026-06-18T08:40:05,U057,U010,49.74,USD,AE,D082,travel,0
T00290,2026-06-18T10:41:05,U031,U019,382.98,USD,US,D043,entertainment,0
T01029,2026-06-18T11:08:05,U060,U041,223.31,USD,SG,D086,utilities,0
T00119,2026-06-18T18:19:05,U041,U040,104.16,USD,AE,D058,electronics,0
T00606,2026-06-19T00:48:05,U039,U016,40.56,USD,IN,D055,utilities,0
T00435,2026-06-19T01:35:05,U035,U005,29.78,USD,US,D049,groceries,0
T00237,2026-06-19T02:22:05,U024,U025,139.01,USD,US,D033,fashion,0
T01054,2026-06-19T02:42:05,U007,U014,353.14,USD,AE,D011,utilities,0
T00086,2026-06-19T05:20:05,U016,U028,56.74,USD,SG,D024,dining,0
T00770,2026-06-19T08:09:05,U034,U037,68.49,USD,SG,D048,travel,0
T00175,2026-06-19T11:41:05,U020,U022,122.59,USD,IN,D028,electronics,0
T00675,2026-06-19T11:59:05,U051,U012,67.47,USD,AE,D072,utilities,0
T01071,2026-06-19T12:10:05,U043,U032,463.41,USD,AE,D062,fuel,0
T00889,2026-06-19T12:58:05,U055,U033,304.57,USD,GB,D666,electronics,0
T00042,2026-06-19T14:10:05,U031,U042,483.65,USD,US,D089,dining,0
T01164,2026-06-19T14:31:05,U017,U034,269.83,USD,SG,D025,groceries,0
T00681,2026-06-19T14:34:05,U052,U025,407.19,USD,US,D073,entertainment,0
T00291,2026-06-19T14:41:05,U042,U035,294.38,USD,AE,D060,groceries,0
T00843,2026-06-19T15:37:05,U056,U020,38.9,USD,GB,D080,fuel,0
T01196,2026-06-19T15:46:05,U029,U053,341.2,USD,IN,D040,fuel,0
T00937,2026-06-19T16:04:05,U060,U050,95.8,USD,SG,D086,entertainment,0
T00701,2026-06-19T17:24:05,U025,U016,358.58,USD,IN,D034,entertainment,0
T00044,2026-06-19T17:34:05,U058,U015,64.43,USD,SG,D083,travel,0
T01200,2026-06-19T17:48:05,U002,U006,112.63,USD,US,D004,electronics,0
T00464,2026-06-19T18:12:05,U035,U017,249.13,USD,US,D049,electronics,0
T00923,2026-06-19T18:16:05,U049,U025,432.16,USD,US,D070,dining,0
T00931,2026-06-19T18:33:05,U047,U013,479.28,USD,SG,D067,entertainment,0
T00945,2026-06-19T19:38:05,U033,U056,249.72,USD,SG,D045,electronics,0
T01127,2026-06-20T00:48:05,U046,U060,176.37,USD,IN,D066,fuel,0
T00633,2026-06-20T01:17:05,U014,U055,166.47,USD,GB,D021,electronics,0
T00835,2026-06-20T01:30:05,U026,U029,130.71,USD,AE,D035,utilities,0
T00402,2026-06-20T04:38:05,U037,U035,17.94,USD,AE,D051,groceries,0
T00574,2026-06-20T14:17:05,U010,U034,341.81,USD,IN,D017,electronics,0
T00534,2026-06-20T14:56:05,U011,U015,111.26,USD,SG,D018,dining,0
T00826,2026-06-20T14:56:05,U023,U040,104.34,USD,GB,D031,fuel,0
T00401,2026-06-20T16:56:05,U035,U030,185.95,USD,US,D049,fuel,0
T01053,2026-06-20T17:04:05,U011,U048,175.02,USD,SG,D018,dining,0
T00469,2026-06-20T17:24:05,U001,U016,289.28,USD,IN,D001,travel,0
T00235,2026-06-20T18:11:05,U055,U016,337.53,USD,GB,D666,entertainment,0
T01192,2026-06-20T20:01:05,U051,U036,84.92,USD,AE,D667,groceries,0
T00921,2026-06-20T20:50:05,U052,U045,281.73,USD,US,D667,dining,0
T00066,2026-06-20T21:04:05,U051,U003,47.44,USD,AE,D667,entertainment,0
T00358,2026-06-20T23:04:05,U002,U030,56.05,USD,US,D003,fuel,0
T00384,2026-06-21T00:38:05,U020,U014,147.76,USD,IN,D028,fuel,0
T00453,2026-06-21T01:09:05,U013,U021,183.83,USD,IN,D020,dining,0
T01189,2026-06-21T01:59:05,U017,U024,262.23,USD,SG,D025,groceries,0
T00651,2026-06-21T03:41:05,U001,U029,328.23,USD,IN,D002,utilities,0
T00519,2026-06-21T03:52:05,U037,U023,144.4,USD,AE,D051,fashion,0
T00373,2026-06-21T04:08:05,U025,U038,231.14,USD,IN,D034,dining,0
T00222,2026-06-21T04:55:05,U048,U051,997.11,USD,IN,D667,electronics,1
T01088,2026-06-21T06:56:05,U041,U014,252.71,USD,AE,D059,utilities,0
T00202,2026-06-21T09:03:05,U005,U008,49.38,USD,IN,D008,groceries,0
T00152,2026-06-21T09:44:05,U001,U013,307.86,USD,IN,D001,utilities,0
T00150,2026-06-21T10:12:05,U022,U056,127.93,USD,IN,D030,travel,0
T00759,2026-06-21T11:17:05,U038,U039,214.66,USD,US,D052,fuel,0
T00751,2026-06-21T16:16:05,U024,U050,136.06,USD,US,D032,travel,0
T00233,2026-06-21T16:23:05,U018,U042,386.44,USD,AE,D026,fashion,0
T00190,2026-06-21T17:08:05,U038,U049,72.34,USD,US,D053,groceries,0
T00093,2026-06-21T18:54:05,U005,U038,45.78,USD,IN,D008,utilities,0
T00217,2026-06-21T21:40:05,U016,U055,62.21,USD,SG,D024,fuel,0
T00983,2026-06-21T23:08:05,U039,U042,64.59,USD,IN,D054,travel,0
T00412,2026-06-21T23:12:05,U029,U034,364.43,USD,IN,D040,utilities,0
T01100,2026-06-21T23:26:05,U009,U055,4205.77,USD,US,D016,crypto_exchange,1
T00268,2026-06-21T23:51:05,U007,U023,221.4,USD,AE,D011,entertainment,0
T00283,2026-06-22T00:58:05,U036,U048,351.58,USD,GB,D050,utilities,0
T00477,2026-06-22T04:53:05,U013,U035,167.15,USD,IN,D020,dining,0
T00742,2026-06-22T06:33:05,U001,U020,204.38,USD,IN,D001,dining,0
T00360,2026-06-22T06:45:05,U050,U016,312.2,USD,GB,D071,electronics,0
T00914,2026-06-22T06:51:05,U044,U059,227.01,USD,IN,D063,entertainment,0
T00916,2026-06-22T07:07:05,U023,U046,152.59,USD,GB,D031,utilities,0
T00616,2026-06-22T08:26:05,U033,U046,337.74,USD,SG,D045,utilities,0
T00646,2026-06-22T10:16:05,U008,U038,102.32,USD,AE,D014,groceries,0
T00581,2026-06-22T10:47:05,U045,U011,118.27,USD,GB,D064,electronics,0
T00513,2026-06-22T11:59:05,U037,U010,36.22,USD,AE,D051,electronics,0
T00393,2026-06-22T12:20:05,U053,U020,17.3,USD,AE,D667,electronics,0
T00930,2026-06-22T16:04:05,U022,U027,170.42,USD,IN,D030,fuel,0
T00487,2026-06-22T16:18:05,U046,U056,252.0,USD,IN,D065,entertainment,0
T00907,2026-06-22T23:59:05,U006,U028,183.49,USD,US,D010,fuel,0
T00424,2026-06-23T00:01:05,U025,U007,261.9,USD,IN,D034,electronics,0
T00650,2026-06-23T03:49:05,U037,U021,204.67,USD,AE,D051,fashion,0
T00390,2026-06-23T06:04:05,U018,U053,386.45,USD,AE,D026,travel,0
T00953,2026-06-23T12:44:05,U035,U003,13.23,USD,US,D049,entertainment,0
T01114,2026-06-23T13:45:05,U041,U051,124.35,USD,AE,D058,fashion,0
T00884,2026-06-23T15:05:05,U037,U053,89.0,USD,AE,D051,fuel,0
T00261,2026-06-23T16:27:05,U056,U021,47.97,USD,GB,D079,entertainment,0
T00803,2026-06-24T01:42:05,U029,U055,2182.54,USD,SG,D666,electronics,1
T01195,2026-06-24T04:52:05,U042,U009,249.35,USD,AE,D060,electronics,0
T00460,2026-06-24T06:37:05,U033,U004,251.26,USD,SG,D045,fashion,0
T00467,2026-06-24T06:53:05,U044,U012,399.99,USD,IN,D063,groceries,0
T01109,2026-06-24T09:41:05,U031,U059,319.9,USD,US,D089,groceries,0
T00473,2026-06-24T10:22:05,U060,U047,196.19,USD,SG,D086,fashion,0
T00630,2026-06-24T11:18:05,U002,U051,46.43,USD,US,D087,entertainment,0
T00230,2026-06-24T11:48:05,U006,U013,347.48,USD,US,D010,utilities,0
T01113,2026-06-24T12:36:05,U020,U057,107.73,USD,IN,D028,travel,0
T01115,2026-06-24T13:41:05,U018,U049,369.77,USD,AE,D026,fashion,0
T01097,2026-06-24T14:48:05,U055,U044,378.27,USD,GB,D666,dining,0
T00141,2026-06-24T15:07:05,U042,U043,120.58,USD,AE,D060,fashion,0
T00505,2026-06-24T15:12:05,U028,U044,214.68,USD,AE,D038,fuel,0
T00147,2026-06-24T15:51:05,U008,U031,99.7,USD,AE,D013,electronics,0
T00783,2026-06-24T20:08:05,U049,U037,344.04,USD,US,D070,dining,0
T01122,2026-06-24T21:29:05,U012,U006,274.67,USD,US,D019,fashion,0
T00286,2026-06-25T00:04:05,U031,U036,596.29,USD,US,D089,utilities,0
T00498,2026-06-25T01:56:05,U035,U031,431.69,USD,US,D049,dining,0
T00472,2026-06-25T03:08:05,U006,U031,262.57,USD,US,D009,groceries,0
T00214,2026-06-25T04:01:05,U003,U032,190.45,USD,IN,D005,travel,0
T00598,2026-06-25T04:17:05,U001,U037,193.36,USD,IN,D087,entertainment,0
T01096,2026-06-25T05:00:05,U027,U060,139.39,USD,SG,D036,electronics,0
T01069,2026-06-25T05:13:05,U007,U005,362.65,USD,AE,D011,fuel,0
T00375,2026-06-25T07:20:05,U029,U052,267.5,USD,IN,D040,fashion,0
T01176,2026-06-25T12:55:05,U019,U007,227.25,USD,AE,D027,fashion,0
T01139,2026-06-25T15:02:05,U032,U018,294.72,USD,GB,D044,entertainment,0
T00417,2026-06-25T19:11:05,U007,U031,251.31,USD,AE,D011,groceries,0
T00110,2026-06-25T20:52:05,U019,U039,390.33,USD,AE,D027,fuel,0
T00342,2026-06-26T00:01:05,U034,U055,581.25,USD,IN,D667,gift_cards,1
T01020,2026-06-26T04:18:05,U002,U016,73.85,USD,US,D004,fuel,0
T01062,2026-06-26T04:42:05,U055,U024,484.99,USD,GB,D078,travel,0
T00611,2026-06-26T05:25:05,U044,U028,142.19,USD,IN,D063,groceries,0
T01191,2026-06-26T05:52:05,U052,U049,270.99,USD,US,D073,electronics,0
T01173,2026-06-26T06:57:05,U042,U041,196.88,USD,AE,D060,dining,0
T00905,2026-06-26T09:39:05,U013,U010,248.34,USD,IN,D020,utilities,0
T00452,2026-06-26T12:58:05,U056,U030,40.02,USD,GB,D080,groceries,0
T00165,2026-06-26T14:07:05,U055,U036,479.74,USD,GB,D078,entertainment,0
T00499,2026-06-26T14:58:05,U029,U017,351.92,USD,IN,D040,electronics,0
T01022,2026-06-26T23:02:05,U002,U030,50.53,USD,US,D087,electronics,0
T01101,2026-06-27T00:10:05,U051,U052,1082.31,USD,GB,D072,gift_cards,1
T00461,2026-06-27T02:13:05,U016,U022,84.12,USD,SG,D024,fashion,0
T00710,2026-06-27T02:43:05,U040,U050,2773.6,USD,AE,D056,electronics,1
T00645,2026-06-27T03:25:05,U027,U015,100.86,USD,SG,D036,utilities,0
T00810,2026-06-27T04:47:05,U043,U007,469.66,USD,AE,D062,groceries,0
T00600,2026-06-27T05:01:05,U013,U027,98.51,USD,IN,D020,dining,0
T00016,2026-06-27T06:35:05,U014,U018,124.45,USD,GB,D022,fuel,0
T00128,2026-06-27T07:31:05,U013,U032,124.66,USD,IN,D020,electronics,0
T00553,2026-06-27T09:29:05,U027,U022,189.6,USD,SG,D037,fashion,0
T00109,2026-06-27T09:52:05,U018,U034,138.16,USD,AE,D026,utilities,0
T00327,2026-06-27T16:42:05,U055,U060,337.99,USD,GB,D667,groceries,0
T01175,2026-06-27T21:38:05,U032,U029,271.83,USD,GB,D044,dining,0
T00993,2026-06-27T22:55:05,U046,U045,147.04,USD,IN,D065,entertainment,0
T00168,2026-06-28T00:37:05,U023,U055,895.86,USD,AE,D031,crypto_exchange,1
T00922,2026-06-28T02:28:05,U012,U010,572.07,USD,US,D019,travel,0
T00730,2026-06-28T04:12:05,U057,U024,61.28,USD,AE,D082,fuel,0
T00868,2026-06-28T08:07:05,U012,U056,326.25,USD,US,D019,entertainment,0
T00023,2026-06-28T08:08:05,U060,U012,293.3,USD,SG,D085,fashion,0
T00812,2026-06-28T12:52:05,U058,U013,41.41,USD,SG,D083,fuel,0
T00352,2026-06-28T15:48:05,U015,U046,23.49,USD,GB,D023,fuel,0
T01145,2026-06-28T15:56:05,U023,U019,165.89,USD,GB,D031,travel,0
T00249,2026-06-28T16:01:05,U028,U010,320.83,USD,AE,D038,utilities,0
T00927,2026-06-28T20:32:05,U017,U029,216.11,USD,SG,D025,groceries,0
T01007,2026-06-28T23:50:05,U013,U035,194.4,USD,IN,D020,entertainment,0
T00875,2026-06-29T00:01:05,U044,U003,458.59,USD,IN,D063,electronics,0
T00708,2026-06-29T01:55:05,U016,U055,66.02,USD,SG,D024,dining,0
T00306,2026-06-29T02:46:05,U044,U052,164.1,USD,IN,D063,electronics,0
T00576,2026-06-29T04:58:05,U007,U003,356.8,USD,AE,D012,utilities,0
T00315,2026-06-29T05:52:05,U044,U035,432.0,USD,IN,D063,travel,0
T00431,2026-06-29T08:39:05,U055,U033,348.85,USD,GB,D667,dining,0
T00738,2026-06-29T11:51:05,U041,U037,158.14,USD,AE,D059,fashion,0
T00833,2026-06-29T12:53:05,U029,U003,283.82,USD,IN,D040,dining,0
T00634,2026-06-29T14:47:05,U035,U049,336.94,USD,US,D049,fashion,0
T00711,2026-06-29T19:55:05,U032,U033,398.86,USD,GB,D044,travel,0
T00776,2026-06-30T16:33:05,U036,U047,181.92,USD,GB,D050,groceries,0
T00672,2026-06-30T17:21:05,U041,U017,151.01,USD,AE,D059,travel,0
T00654,2026-06-30T18:27:05,U055,U035,399.06,USD,GB,D666,dining,0
T00559,2026-06-30T20:00:05,U024,U013,91.22,USD,US,D032,groceries,0
T01143,2026-07-01T02:55:05,U028,U033,302.68,USD,AE,D039,groceries,0
T00943,2026-07-01T05:50:05,U050,U001,148.13,USD,GB,D667,groceries,0
T00298,2026-07-01T07:00:05,U040,U026,338.25,USD,US,D057,fashion,0
T00977,2026-07-01T09:54:05,U013,U022,116.08,USD,IN,D020,dining,0
T00844,2026-07-01T10:16:05,U041,U009,115.67,USD,AE,D058,dining,0
T00820,2026-07-01T10:29:05,U020,U060,89.55,USD,IN,D028,travel,0
T00021,2026-07-01T11:14:05,U003,U004,522.44,USD,IN,D005,entertainment,0
T00192,2026-07-01T11:33:05,U029,U055,458.05,USD,IN,D040,entertainment,0
T00543,2026-07-01T12:46:05,U034,U053,187.58,USD,SG,D048,fashion,0
T00146,2026-07-01T17:10:05,U044,U026,455.97,USD,IN,D063,utilities,0
T00679,2026-07-01T17:47:05,U031,U040,289.29,USD,US,D089,groceries,0
T00253,2026-07-01T17:50:05,U043,U037,205.9,USD,AE,D062,groceries,0
T00131,2026-07-01T22:32:05,U048,U015,299.61,USD,GB,D069,entertainment,0
T00215,2026-07-02T02:15:05,U029,U055,399.63,USD,IN,D040,travel,0
T00915,2026-07-02T02:41:05,U031,U032,303.29,USD,US,D043,entertainment,0
T00656,2026-07-02T03:14:05,U050,U003,98.1,USD,GB,D667,utilities,0
T01151,2026-07-02T04:29:05,U047,U053,375.54,USD,SG,D067,travel,0
T01161,2026-07-02T05:12:05,U030,U009,131.56,USD,GB,D041,utilities,0
T00707,2026-07-02T11:09:05,U048,U013,250.99,USD,GB,D069,fuel,0
T00745,2026-07-02T11:12:05,U034,U018,78.46,USD,SG,D048,utilities,0
T00842,2026-07-02T16:13:05,U003,U023,196.76,USD,IN,D005,travel,0
T00526,2026-07-02T18:48:05,U013,U054,196.63,USD,IN,D020,fashion,0
T00239,2026-07-02T19:02:05,U032,U017,210.84,USD,GB,D044,fuel,0
T00642,2026-07-02T20:24:05,U020,U052,49.52,USD,IN,D028,entertainment,0
T00516,2026-07-02T20:25:05,U021,U053,281.55,USD,GB,D029,electronics,0
T00736,2026-07-02T22:49:05,U043,U021,477.1,USD,AE,D062,fuel,0
T00303,2026-07-03T00:42:05,U045,U015,334.05,USD,GB,D064,dining,0
T00240,2026-07-03T01:27:05,U040,U032,253.98,USD,US,D056,dining,0
T00045,2026-07-03T03:37:05,U004,U056,160.5,USD,AE,D006,electronics,0
T01199,2026-07-03T04:49:05,U052,U027,538.76,USD,US,D666,fuel,0
T01116,2026-07-03T05:58:05,U046,U054,121.68,USD,IN,D065,electronics,0
T00409,2026-07-03T06:27:05,U049,U004,582.94,USD,US,D070,utilities,0
T00278,2026-07-03T10:17:05,U033,U048,156.77,USD,SG,D045,groceries,0
T00863,2026-07-03T14:08:05,U022,U045,155.34,USD,IN,D030,fuel,0
T00676,2026-07-03T14:17:05,U047,U015,235.62,USD,SG,D068,fashion,0
T00926,2026-07-03T14:31:05,U048,U046,149.86,USD,GB,D069,fashion,0
T00503,2026-07-03T21:19:05,U045,U019,255.78,USD,GB,D064,utilities,0
T00865,2026-07-04T02:10:05,U051,U020,76.01,USD,AE,D667,entertainment,0
T00064,2026-07-04T04:34:05,U007,U021,201.31,USD,AE,D012,fashion,0
T00694,2026-07-04T08:39:05,U013,U003,177.82,USD,IN,D020,dining,0
T00761,2026-07-04T08:51:05,U044,U004,533.38,USD,IN,D063,groceries,0
T00851,2026-07-04T10:13:05,U048,U003,133.72,USD,GB,D069,electronics,0
T00823,2026-07-04T15:13:05,U020,U054,52.7,USD,IN,D028,utilities,0
T00855,2026-07-04T15:30:05,U047,U052,233.62,USD,SG,D068,utilities,0
T00011,2026-07-04T19:31:05,U021,U038,447.93,USD,GB,D029,electronics,0
T00293,2026-07-04T21:26:05,U051,U019,77.78,USD,AE,D072,groceries,0
T01002,2026-07-05T06:45:05,U045,U058,112.74,USD,GB,D064,electronics,0
T00362,2026-07-05T11:18:05,U007,U021,242.51,USD,AE,D012,fuel,0
T00537,2026-07-05T11:24:05,U017,U043,168.29,USD,SG,D025,utilities,0
T00787,2026-07-05T12:09:05,U002,U037,66.51,USD,US,D003,travel,0
T01018,2026-07-05T13:36:05,U058,U049,44.4,USD,SG,D083,travel,0
T00136,2026-07-05T13:59:05,U017,U032,183.69,USD,SG,D025,utilities,0
T00809,2026-07-05T16:09:05,U004,U001,256.48,USD,AE,D006,electronics,0
T00371,2026-07-05T20:44:05,U020,U012,94.29,USD,IN,D028,fashion,0
T00484,2026-07-05T21:21:05,U046,U013,157.18,USD,IN,D066,fuel,0
T00062,2026-07-05T21:47:05,U043,U014,652.53,USD,AE,D062,fuel,0
T00660,2026-07-05T23:52:05,U011,U010,55.61,USD,SG,D088,fuel,0
T00627,2026-07-06T03:21:05,U024,U037,122.2,USD,US,D032,groceries,0
T00595,2026-07-06T03:27:05,U042,U022,116.69,USD,AE,D060,entertainment,0
T00145,2026-07-06T03:54:05,U014,U017,96.63,USD,GB,D021,entertainment,0
T01005,2026-07-06T07:17:05,U056,U044,34.69,USD,GB,D080,travel,0
T00440,2026-07-06T10:10:05,U045,U056,151.51,USD,GB,D064,dining,0
T01033,2026-07-06T15:51:05,U010,U008,237.83,USD,IN,D088,utilities,0
T00602,2026-07-06T16:12:05,U030,U034,174.04,USD,GB,D089,travel,0
T00632,2026-07-06T16:24:05,U007,U051,343.06,USD,AE,D011,groceries,0
T00700,2026-07-06T17:20:05,U008,U052,101.9,USD,AE,D014,utilities,0
T00285,2026-07-06T23:17:05,U019,U052,3411.32,USD,SG,D027,gift_cards,1
T00039,2026-07-07T00:10:05,U031,U052,488.45,USD,US,D089,travel,0
T00238,2026-07-07T01:40:05,U042,U008,237.83,USD,AE,D060,groceries,0
T00096,2026-07-07T04:42:05,U002,U045,76.05,USD,US,D087,groceries,0
T00580,2026-07-07T05:34:05,U008,U031,154.03,USD,AE,D014,utilities,0
T00137,2026-07-07T06:51:05,U052,U015,553.36,USD,US,D666,fashion,0
T01108,2026-07-07T07:46:05,U031,U018,384.97,USD,US,D043,travel,0
T00340,2026-07-07T14:45:05,U049,U047,509.56,USD,US,D070,fuel,0
T00263,2026-07-07T15:08:05,U026,U016,127.46,USD,AE,D035,dining,0
T00274,2026-07-07T15:58:05,U039,U038,34.01,USD,IN,D054,dining,0
T01136,2026-07-07T18:08:05,U043,U012,403.74,USD,AE,D062,utilities,0
T01087,2026-07-07T21:07:05,U040,U028,363.31,USD,US,D057,dining,0
T00748,2026-07-07T21:45:05,U002,U036,82.97,USD,US,D003,groceries,0
T01106,2026-07-07T22:12:05,U007,U019,156.26,USD,AE,D012,fuel,0
T01027,2026-07-07T23:10:05,U011,U028,174.3,USD,SG,D018,travel,0
T01184,2026-07-08T00:26:05,U051,U019,96.36,USD,AE,D667,electronics,0
T00148,2026-07-08T00:46:05,U042,U016,336.61,USD,AE,D060,travel,0
T00325,2026-07-08T03:23:05,U036,U025,183.83,USD,GB,D050,entertainment,0
T01012,2026-07-08T05:23:05,U035,U012,294.9,USD,US,D049,travel,0
T01015,2026-07-08T10:19:05,U024,U060,137.56,USD,US,D033,groceries,0
T00490,2026-07-08T11:11:05,U020,U052,149.39,USD,IN,D028,fuel,0
T00080,2026-07-08T12:48:05,U018,U050,298.98,USD,AE,D026,utilities,0
T00107,2026-07-08T20:45:05,U027,U010,82.57,USD,SG,D036,fashion,0
T00028,2026-07-08T22:44:05,U033,U002,422.42,USD,SG,D046,electronics,0
T01057,2026-07-08T23:04:05,U012,U026,332.91,USD,US,D019,fashion,0
T00582,2026-07-08T23:39:05,U045,U056,341.39,USD,GB,D064,travel,0
T00763,2026-07-08T23:53:05,U032,U023,160.67,USD,GB,D044,fuel,0
T00457,2026-07-09T03:01:05,U007,U017,290.65,USD,AE,D012,fashion,0
T00620,2026-07-09T03:46:05,U019,U045,171.87,USD,AE,D027,electronics,0
T00029,2026-07-09T03:58:05,U012,U018,240.72,USD,US,D019,groceries,0
T00912,2026-07-09T04:02:05,U047,U018,503.73,USD,SG,D067,fuel,0
T01061,2026-07-09T07:03:05,U036,U056,338.34,USD,GB,D050,fashion,0
T00830,2026-07-09T08:31:05,U012,U046,190.49,USD,US,D019,entertainment,0
T00515,2026-07-09T14:18:05,U003,U054,276.67,USD,IN,D005,travel,0
T00541,2026-07-09T14:29:05,U031,U018,361.64,USD,US,D089,utilities,0
